Individual,CCode,Female,Site,Species,sex,Temp,Light,Transfer_Notes,Date_Hatch,Date_1st,Mass_1st,Notes_1st,Date_2nd,Mass_2nd,Notes_2nd,Date_3rd,Mass_3rd,Notes_3rd,Date_4th,Mass_4th,Notes_4th,Date_5th,Mass_5th,Notes_5th,Date_5th+,Mass_5th+,Notes_5th+,Date_Adult,Mass_Adult,Femur_Adult,Pronotum_Adult,Notes_Adult,Euthanized,Date_Death,Death_Instar,Notes_Death,Ovarioles,Note_Dissection,Cleaned
FY1.1_HV_S_C1,WR,FY1,C1,dodg,F,HV,S,,4/7/2016,,,,,,,4/19/2016,0.0237,,4/26/2016,0.0774,,5/3/2016,0.1048,,,,,,,,,,,5/16/2016,5,,,,X
FY1.2_HV_S_C1,WY,FY1,C1,dodg,M,HV,S,,4/7/2016,,,,,,,4/19/2016,0.0259,,4/25/2016,0.0776,,5/2/2016,0.1029,,,,,,,,,,,5/4/2016,5,,,,X
FY1.3_HV_S_C1,WB,FY1,C1,dodg,F,HV,S,,4/7/2016,,,,,,,4/19/2016,0.0266,,4/25/2016,0.0642,,5/2/2016,0.1701,,,,,5/10/2016,0.323,11.27,4.8,,,6/3/2016,A,,,,X
FY1.4_HV_S_C1,WO,FY1,C1,dodg,F,HV,S,,4/7/2016,,,,,,,4/19/2016,0.0259,,4/25/2016,0.0613,,5/3/2016,0.1808,,,,,5/13/2016,0.281,10.75,4.45,,,6/29/2016,A,,,,X
FY1.5_HV_S_C1,,FY1,C1,dodg,M,HV,S,,4/7/2016,,,,,,,4/19/2016,0.0251,,4/25/2016,0.0701,,,,,,,,,,,,,,5/2/2016,4,,,,X
FY1.6_HV_S_C1,WG,FY1,C1,dodg,F,HV,S,,4/7/2016,,,,4/19/2016,0.0254,,4/21/2016,0.0441,shifted to 3rd (from 4th) because of rapid molt.  Assume moved to cup as 2nd,4/26/2016,0.0643,,5/3/2016,0.1851,,,,,5/14/2016,0.3453,11.55,4.66,found as adult missing molt,,5/23/2016,A,Sex uncertain when reexamined during cleaning,,,X
FY1.7_HV_S_C1,WP,FY1,C1,dodg,F,HV,S,,4/7/2016,,,,4/19/2016,0.026,,4/25/2016,0.081,,5/2/2016,0.1442,,5/9/2016,0.2508,"not adult, shifted left",,,,5/10/2016,0.2891,11.31,4.37,,,6/21/2016,A,,,,X
FY1.8_HV_S_C1,GrR,FY1,C1,dodg,M,HV,S,,4/7/2016,,,,,,,4/19/2016,0.0245,,4/25/2016,0.0581,,5/2/2016,0.1291,,,,,5/11/2016,0.2129,9.56,4.27,,,5/16/2016,A,,,,X
FY1.9_HV_S_C1,GrY,FY1,C1,dodg,F,HV,S,,4/7/2016,,,,,,,4/19/2016,0.0301,,4/24/2016,0.0696,,4/30/2016,0.1835,,,,,5/10/2016,0.2942,11.5,5.03,,,6/30/2016,A,,,,X
FY1.10_HV_S_C1,GrB,FY1,C1,dodg,M,HV,S,,4/7/2016,,,,4/19/2016,0.0234,,4/21/2016,0.0426,shifted to 3rd (from 4th) because of rapid molt.  Assume moved to cup as 2nd,4/26/2016,0.0696,,5/2/2016,0.0934,,,,,5/12/2016,0.1874,10.4,3.63,,,6/21/2016,A,,,,X
FY1.11_HV_S_C1,,FY1,C1,dodg,,HV,S,,4/7/2016,,,,4/19/2016,0.011,,4/21/2016,0.0101,shifted to 3rd (from 4th) because of rapid molt.  Assume moved to cup as 2nd,,,,,,,,,,,,,,,,4/23/2016,3,,,,
FY1.12_HV_S_C1,GrO,FY1,C1,dodg,M,HV,S,,4/7/2016,,,,4/19/2016,0.0195,,4/21/2016,0.0333,shifted to 3rd (from 4th) because of rapid molt.  Assume moved to cup as 2nd,4/26/2016,0.0465,,5/3/2016,0.0891,,,,,5/13/2016,0.1567,10.38,3.34,,,6/27/2016,A,,,,X
FY1.13_HV_S_C1,GrG,FY1,C1,dodg,M,HV,S,,4/7/2016,,,,,,,4/19/2016,0.0254,,4/25/2016,0.0699,,4/30/2016,0.1436,,,,,5/10/2016,0.2028,9.81,4.88,,,6/3/2016,A,,,,X
FY1.14_HV_S_C1,,FY1,C1,dodg,F,HV,S,,4/7/2016,,,,,,,4/19/2016,0.0092,,,,,,,,,,,,,,,,,4/30/2016,3,,,,X
FY1.15_HV_S_C1,GrP,FY1,C1,dodg,F,HV,S,,4/7/2016,,,,4/19/2016,0.0258,,4/21/2016,0.0521,shifted to 3rd (from 4th) because of rapid molt.  Assume moved to cup as 2nd,4/26/2016,0.0825,,5/3/2016,0.1891,,,,,5/14/2016,0.3538,11.38,4.7,found as adult missing molt,,6/13/2016,A,,,,X
FY1.16_HV_S_C1,RY,FY1,C1,dodg,F,HV,S,,4/7/2016,,,,,,,4/19/2016,0.0262,,4/25/2016,0.0695,,5/2/2016,0.1746,,,,,5/11/2016,0.3302,11.7,4.83,,,6/8/12016,A,,,,X
FY1.17_HV_S_C1,RB,FY1,C1,dodg,M,HV,S,,4/7/2016,,,,,,,4/19/2016,0.0256,,4/27/2016,0.0793,,5/2/2016,0.1146,,,,,5/11/2016,0.2016,9.73,4.1,,,5/14/2016,A,crushed,,,X
F11.1_HV_S_B1,WR,F11,B1,dodg,F,HV,S,,4/7/2016,,,,,,,4/19/2016,0.0481,,4/25/2016,0.075,,,,,,,,,,,,,,,4,,,,X
F11.2_HV_S_B1,WY,F11,B1,dodg,M,HV,S,,4/7/2016,,,,,,,4/19/2016,0.0308,,4/25/2016,0.0587,,,,,,,,,,,,,,,4,,,,X
F11.3_HV_S_B1,WB,F11,B1,dodg,F,HV,S,,4/7/2016,,,,,,,4/19/2016,0.0434,,4/25/2016,0.0862,,5/2/2016,0.2085,,,,,5/11/2016,0.3082,13.76,4.91,,,5/24/2016,A,,,,X
F11.4_HV_S_B1,WO,F11,B1,dodg,F,HV,S,,4/7/2016,,,,,,,4/19/2016,0.429,,4/25/2016,0.0996,,5/2/2016,0.1701,,,,,5/12/2016,0.401,12.74,5.02,,,6/17/2016,A,,,,X
F11.5_HV_S_B1,,F11,B1,dodg,F,HV,S,,4/7/2016,,,,,,,4/19/2016,0.419,,4/25/2016,0.1019,,4/30/2016,0.1512,,,,,,,,,,,5/10/2016,5,,,,X
F11.6_HV_S_B1,WG,F11,B1,dodg,F,HV,S,,4/7/2016,,,,,,,4/19/2016,0.437,,4/24/2016,0.0671,,5/2/2016,0.1637,,,,,5/11/2016,0.4198,12.09,4.81,,,,A,Unknown death date,,,X
F11.7_HV_S_B1,WP,F11,B1,dodg,F,HV,S,,4/7/2016,,,,,,,4/19/2016,0.0482,,4/24/2016,0.0926,,5/2/2016,0.2483,,,,,5/9/2016,0.2939,11.41,4.93,,,6/3/2016,A,,,,X
F11.8_HV_S_B1,GrR,F11,B1,dodg,F,HV,S,,4/7/2016,,,,,,,4/19/2016,0.0327,,4/25/2016,0.096,,5/2/2016,0.1919,,,,,5/11/2016,0.2765,11.55,4.15,,,6/15/2016,A,,20,frozen at dissection. Practice,X
F11.9_HV_S_B1,GrY,F11,B1,dodg,M,HV,S,,4/7/2016,,,,,,,4/19/2016,0.0452,,4/24/2016,0.0788,,5/11/2016,0.287,looks like an adult,,,,5/14/2016,0.2883,11.61,4.27,found as adult with no molt,,,A,Unknown,,,X
F11.10_HV_S_B1,GrB,F11,B1,dodg,F,HV,S,,4/7/2016,,,,,,,4/19/2016,0.0324,,4/26/2016,0.0938,,,,,,,,5/13/2016,0.507,12.57,4.73,,,6/11/2016,A,,,,X
F11.11_HV_S_B1,,F11,B1,dodg,F,HV,S,,4/7/2016,,,,,,,4/19/2016,0.0372,,4/25/2016,0.0888,,,,,,,,,,,,,,4/26/2016,4,,,,X
F11.12_HV_S_B1,GrO,F11,B1,dodg,M,HV,S,,4/7/2016,,,,,,,4/19/2016,0.0429,,4/25/2016,0.0727,,5/2/2016,0.1018,,,,,,,,,,,5/5/2016,4,,,,X
F11.13_HV_S_B1,GrG,F11,B1,dodg,M,HV,S,,4/7/2016,,,,,,,4/19/2016,0.0426,,4/24/2016,0.0667,,5/2/2016,0.1488,,,,,5/11/2016,0.2498,11.24,4.34,,,,A,Unknown date,,,X
F11.14_HV_S_B1,GrP,F11,B1,dodg,M,HV,S,,4/7/2016,,,,,,,4/19/2016,0.0378,,4/24/2016,0.0659,,4/30/2016,0.1505,,,,,5/9/2016,0.2179,10.75,4.35,,,6/22/2016,A,,,,X
F11.15_HV_S_B1,RY,F11,B1,dodg,M,HV,S,,4/7/2016,,,,,,,4/19/2016,0.0376,,,,,,,,,,,,,,,,,5/5/2016,4,"4th at death, may have missed a molt",,,X
F84.1_HV_S_C1,WR,F84,C1,dodg,F,HV,S,,4/7/2016,,,,,,,4/19/2016,0.054,,4/23/2016,0.0709,,5/2/2016,0.2351,,,,,,,,,,,5/11/2016,A,died while molting to adult,,,X
F84.2_HV_S_C1,WY,F84,C1,dodg,F,HV,S,,4/7/2016,,,,,,,4/19/2016,0.0411,,4/24/2016,0.0823,,5/2/2016,0.2199,,,,,5/11/2016,0.4377,11.92,4.88,,,6/13/2016,A,,,,X
F84.3_HV_S_C1,WB,F84,C1,dodg,F,HV,S,,4/7/2016,,,,,,,4/19/2016,0.0471,,4/24/2016,0.0932,,4/30/2016,0.1933,,,,,5/10/2016,0.3435,11.77,5.03,,,6/24/2016,A,,,,X
F84.4_HV_S_C1,WO,F84,C1,dodg,M,HV,S,,4/7/2016,,,,4/19/2016,0.0467,,4/24/2016,0.0801,,4/30/2016,0.1576,,5/2/2016,0.0862,"not adult, so shifted left",,,,5/9/2016,0.2133,10.39,4.35,,,5/23/2016,A,,,,X
F84.5_HV_S_C1,WG,F84,C1,dodg,M,HV,S,,4/7/2016,,,,4/19/2016,0.0345,,4/21/2016,0.0588,"shifted to 3rd (from 4th) because of rapid molt.  Assume moved to cup as 2nd.  Later (4/26) found with what appears to be a molted leg, but not a full molt",4/27/2016,0.0754,,5/12/2016,0.1844,,,,,5/14/2016,0.2062,9.4,3.36,molt missing when discovered as adult; tarsus injured,,,A,Individual unavailable at cleaning,,,
F84.6_HV_S_C1,WP,F84,C1,dodg,M,HV,S,,4/7/2016,,,,,,,4/19/2016,0.0401,,4/24/2016,0.0775,,5/2/2016,0.1004,,,,,5/11/2016,0.2698,9.88,4.19,,,6/10/2016,A,maybe one day earlier,,,X
F84.7_HV_S_C1,GrR,F84,C1,dodg,F,HV,S,,4/7/2016,,,,,,,4/19/2016,0.0471,,4/24/2016,0.079,,,,,,,,5/10/2016,0.2792,11.95,4.82,,,6/18/2016,A,,,,X
F84.8_HV_S_C1,GrY,F84,C1,dodg,M,HV,S,,4/7/2016,,,,,,,4/19/2016,0.0389,,4/23/2016,0.0545,,5/2/2016,0.1255,,,,,,,,,,,5/5/2016,5,,,,X
F84.9_HV_S_C1,,F84,C1,dodg,F,HV,S,,4/7/2016,,,,,,,4/19/2016,0.0423,,4/24/2016,0.0722,,5/2/2016,0.1411,,,,,,,,,,,5/9/2016,5,,,,X
F84.10_HV_S_C1,GrB,F84,C1,dodg,F,HV,S,,4/7/2016,,,,,,,4/19/2016,0.0473,,4/25/2016,0.1122,,4/28/2016,0.1481,,,,,,,,,,,5/5/2016,5,,,,X
F84.11_HV_S_C1,GrO,F84,C1,dodg,F,HV,S,,4/7/2016,,,,,,,4/19/2016,0.0497,,4/23/2016,0.0911,,4/30/2016,0.1597,,,,,5/9/2016,0.3973,11.72,5.43,,,6/21/2016,A,,,,X
F84.12_HV_S_C1,GrG,F84,C1,dodg,F,HV,S,,4/7/2016,,,,,,,4/19/2016,0.0469,,4/23/2016,0.0806,,4/30/2016,0.208,,,,,5/9/2016,0.3977,12.5,5.25,,,6/10/2016,A,maybe one day earlier,,,X
F84.13_HV_S_C1,GrP,F84,C1,dodg,M,HV,S,,4/7/2016,,,,,,,4/19/2016,0.0418,,4/24/2016,0.0729,,5/2/2016,0.1542,,,,,5/9/2016,0.2021,10.07,4.51,,,5/23/2016,A,,,,X
F84.14_HV_S_C1,RY,F84,C1,dodg,F,HV,S,,4/7/2016,,,,,,,4/19/2016,0.0457,,4/24/2016,0.0878,,5/2/2016,0.189,,,,,,,,,,,5/4/2016,5,,,,X
F84.15_HV_S_C1,RB,F84,C1,dodg,M,HV,S,,4/7/2016,,,,,,,4/19/2016,0.0452,,4/23/2016,0.068,,4/30/2016,0.1404,,,,,5/13/2016,0.2443,9.75,4.22,tarsus injured,,6/18/2016,A,,,,X
F72.1_HV_S_B1,WR,F72,B1,dodg,M,HV,S,,4/7/2016,,,,4/19/2016,0.0242,,4/21/2016,0.0503,shifted to 3rd (from 4th) because of rapid molt.  Assume moved to cup as 2nd,4/26/2016,0.0681,,5/4/2016,0.1696,,,,,5/16/2016,0.2844,10.14,4.03,,,6/25/2016,A,,,,X
F72.2_HV_S_B1,WY,F72,B1,dodg,,HV,S,,4/7/2016,,,,4/19/2016,0.0343,,4/24/2016,0.0617,,5/2/2016,0.144,,5/7/2016,0.1807,"left tarsus missing.  not adult, so shifted left",,,,5/18/2016,0.347,11.98,4.47,left leg missing,Y,7/1/2016,A,,19,,X
F74.1_LV_S_B1,WR,F74,B1,dodg,M,LV,S,,4/7/2016,4/20/2016,0.0263,,4/21/2016,0.0393,shifted to 3rd (from 4th) because of rapid molt.  Assume moved to cup as 2nd,4/27/2016,0.0623,,5/2/2016,0.0827,,5/5/2016,0.165,,,,,5/16/2016,0.2566,10.12,4.24,left tarsus missing,Y,7/1/2016,A,,,,X
F74.2_LV_S_B1,,F74,B1,dodg,M,LV,S,,4/7/2016,,,,,,,4/20/2016,0.0274,,4/28/2016,0.0741,,,,,,,,,,,,,,5/3/2016,4,,,,X
F74.3_LV_S_B1,WY,F74,B1,dodg,F,LV,S,,4/7/2016,,,,4/20/2016,0.0273,,4/21/2016,0.0473,shifted to 3rd (from 4th) because of rapid molt.  Assume moved to cup as 2nd,4/28/2016,0.0681,,5/7/2016,0.1979,,,,,5/18/2016,0.3099,11.61,5.35,,,6/28/2016,A,,,,X
F74.4_LV_S_B1,WB,F74,B1,dodg,F,LV,S,,4/7/2016,,,,,,,4/20/2016,0.0295,,4/26/2016,0.0691,,5/4/2016,0.1749,,,,,5/16/2016,0.3668,11.29,4.43,,,6/13/2016,A,,,,X
F74.5_LV_S_B1,WO,F74,B1,dodg,F,LV,S,,4/7/2016,,,,,,,4/20/2016,0.028,,4/27/2016,0.0951,,5/5/2016,0.1994,,,,,5/16/2016,0.2895,11.93,4.46,,,6/15/2016,A,,,,X
F74.6_LV_S_B1,WG,F74,B1,dodg,M,LV,S,,4/7/2016,,,,,,,4/20/2016,0.0235,,4/27/2016,0.0628,,5/5/2016,0.1252,,,,,5/17/2016,0.1914,10.09,4.28,,,,A,unknown death date,,,X
F74.7_LV_S_B1,,F74,B1,dodg,F,LV,S,,4/7/2016,,,,4/20/2016,0.0258,,4/21/2016,0.0331,shifted to 3rd (from 4th) because of rapid molt.  Assume moved to cup as 2nd,4/29/2016,0.0867,,,,,,,,,,,,,,5/2/2016,4,,,,X
F74.8_LV_S_B1,GrY,F74,B1,dodg,F,LV,S,,4/7/2016,,,,4/20/2016,0.0248,,4/21/2016,0.0425,shifted to 3rd (from 4th) because of rapid molt.  Assume moved to cup as 2nd,4/29/2016,0.0653,,5/9/2016,0.1351,,,,,5/20/2016,0.3778,12.03,4.75,,,6/23/2016,A,,,,X
F74.9_LV_S_B1,GrR,F74,B1,dodg,M,LV,S,,4/7/2016,,,,,,,4/20/2016,0.0259,,4/28/2016,0.0989,,5/4/2016,0.1242,,,,,5/16/2016,0.2896,10.23,4.24,,,6/1/2016,A,,,,X
F74.10_LV_S_B1,GrY,F74,B1,dodg,M,LV,S,,4/7/2016,,,,,,,4/20/2016,0.026,,4/28/2016,0.0727,,5/6/2016,0.1099,,,,,5/20/2016,0.2026,9.19,4.27,,,6/30/2016,A,,,,X
F74.11_LV_S_B1,GrB,F74,B1,dodg,,LV,S,,4/7/2016,,,,4/20/2016,0.0132,,,,,,,,,,,,,,,,,,,,4/30/2016,2,,,,X
FW1.1_LV_S_C1,WR,FW1,C1,dodg,F,LV,S,,4/10/2016,4/20/2016,0.026,,4/23/2016,0.0417,,4/30/2016,0.1014,,5/3/2016,0.1234,"not adult, shifted left",5/9/2016,0.2108,,,,,5/18/2016,0.2715,11.87,5.47,lose right leg,,5/23/2016,A,,,,X
FW1.2_LV_S_C1,,FW1,C1,dodg,,LV,S,,4/10/2016,4/20/2016,0.0287,,4/23/2016,0.0493,,4/26/2016,0.0563,Shifted from 5th to 4th due to morphological observations,,,,,,,,,,,,,,,,5/2/2016,3,,,,X
F41_LV_S_B1,WR,F41,B1,dodg,,LV,S,3 dead,4/12/2016,,,,,,,,,,,,,,,,,,,,,,,,,,,,,,
F57A.1_LV_S_B1,WR,F57,B1,dodg,F,LV,S,,4/10/2016,,,,4/20/2016,0.0315,,4/23/2016,0.035,missing leg,4/30/2016,0.0885,,5/9/2016,0.1967,,,,,5/23/2016,0.2564,12.12,4.86,lose right leg,Y,7/4/2016,A,,10,,X
F57A.2_LV_S_B1,WY,F57,B1,dodg,F,LV,S,,4/10/2016,,,,4/20/2016,0.0316,,4/23/2016,0.0369,,4/30/2016,0.0997,,5/9/2016,0.154,,,,,5/23/2016,0.3174,11.05,5.09,,,,A,could not find at cleaning,,,
F57A.3_LV_S_B1,WP,F57,B1,dodg,F,LV,S,,4/10/2016,,,,4/20/2016,0.0283,,4/23/2016,0.0334,,4/30/2016,0.0675,,5/11/2016,0.1961,,,,,5/23/2016,0.3581,11.69,5.96,,Y,7/4/2016,A,,8,,X
F57A.4_LV_S_B1,WO,F57,B1,dodg,F,LV,S,,4/10/2016,,,,,,,4/20/2016,0.0305,,4/23/2016,0.0357,,4/30/2016,0.0794,,,,,,,,,,,5/23/2016,5,,,,X
F57A.5_LV_S_B1,WG,F57,B1,dodg,,LV,S,,4/10/2016,4/20/2016,0.0136,,4/27/2016,0.0271,,5/9/2016,0.1659,,,,,,,,,,,,,,,,,4/30/2016,3,,,,X
F57A.6_LV_S_B1,WB,F57,B1,dodg,F,LV,S,,4/10/2016,,,,4/20/2016,0.0329,,4/23/2016,0.0526,,4/30/2016,0.1158,,5/9/2016,0.1959,,,,,5/23/2016,0.2807,11.76,5.36,,Y,7/4/2016,A,,12,8,X
FA1.1_LV_S_C1,,FA1,C1,dodg,M,LV,S,,4/8/2016,,,,4/20/2016,0.0365,,4/21/2016,0.0501,shifted to 3rd (from 4th) because of rapid molt.  Assume moved to cup as 2nd,4/27/2016,0.0801,missing left hind leg ,,,,,,,,,,,,,5/7/2016,4,died molting to 5th,,,X
FA1.2_LV_S_C1,,FA1,C1,dodg,,LV,S,,4/8/2016,,,,4/20/2016,0.0281,,4/30/2016,0.0443,,5/2/2016,0.0463,,,,,,,,,,,,,,5/9/2016,4,,,,X
FA1.3_LV_S_C1,,FA1,C1,dodg,F,LV,S,,4/8/2016,,,,4/20/2016,0.03,,4/23/2016,0.0453,,5/2/2016,0.0684,"looks like a 4th, so shifted left",,,,,,,,,,,,,5/6/2016,4,,,,X
FA1.4_LV_S_C1,WR,FA1,C1,dodg,M,LV,S,,4/8/2016,,,,4/20/2016,0.037,,4/22/2016,0.0472,,4/29/2016,0.0776,,5/9/2016,0.1322,,,,,,,,,,,5/16/2016,5,,,,X
FA1.5_LV_S_C1,,FA1,C1,dodg,,LV,S,,4/8/2016,4/20/2016,0.0077,,,,,,,,4/30/2016,0.0827,,,,,,,,,,,,,,4/26/2016,4,,,,X
FA1.6_LV_S_C1,WB,FA1,C1,dodg,F,LV,S,,4/8/2016,,,,,,,4/20/2016,0.0323,,4/23/2016,0.0369,,5/9/2016,0.1481,,,,,5/19/2016,0.2806,11.14,5.23,,,7/1/2016,A,,,,X
FA1.7_LV_S_C1,,FA1,C1,dodg,M,LV,S,,4/8/2016,,,,4/20/2016,0.031,,4/23/2016,0.0329,,4/30/2016,0.0616,,,,,,,,,,,,,,5/6/2016,4,,,,X
FA1.8_LV_S_C1,,FA1,C1,dodg,F,LV,S,,4/8/2016,,,,,,,4/20/2016,0.0392,,4/26/2016,0.0767,,5/4/2016,0.1412,,,,,,,,,,,5/7/2016,5,,,,X
FA1.9_LV_S_C1,WP,FA1,C1,dodg,F,LV,S,,4/8/2016,,,,,,,4/20/2016,0.0405,,4/26/2016,0.0754,,5/4/2016,0.1673,,,,,5/14/2016,0.2426,11.45,4.46,,,5/23/2016,A,,,,X
FA1.10_LV_S_C1,GrR,FA1,C1,dodg,F,LV,S,,4/8/2016,,,,4/20/2016,0.0374,,4/23/2016,0.0503,,5/2/2016,0.0722,,5/10/2016,0.1543,,,,,5/21/2016,0.3468,11.25,5.27,missing right leg,Y,7/1/2016,A,,10,,X
FA1.11_LV_S_C1,WR,FA1,C1,dodg,M,LV,S,,4/8/2016,,,,4/20/2016,0.0428,,4/21/2016,0.0403,shifted to 3rd (from 4th) because of rapid molt.  Assume moved to cup as 2nd,4/28/2016,0.098,,5/5/2016,0.1253,,,,,5/17/2016,0.217,11.14,4.45,,,5/30/2016,A,,,,X
F22.1_LV_S_A1,WR,F22,A1,dodg,F,LV,S,3 dead,4/9/2016,4/20/2016,0.0194,,4/21/2016,0.0174,shifted to 3rd (from 4th) because of rapid molt.  Assume moved to cup as 2nd,4/28/2016,0.049,,5/5/2016,0.0916,,5/13/2016,0.1783,,,,,5/24/2016,0.3364,12.74,5.48,,,6/3/2016,A,,,,X
F22.2_LV_S_A1,WY,F22,A1,dodg,M,LV,S,,4/9/2016,,,,4/20/2016,0.0282,,4/26/2016,0.0471,,5/3/2016,0.0904,,5/14/2016,0.1297,,,,,5/27/2016,0.228,9.9,4.11,,,6/3/2016,A,,,,X
F22.3_LV_S_A1,WB,F22,A1,dodg,F,LV,S,,4/9/2016,,,,4/20/2016,0.0143,,4/24/2016,0.0144,,5/6/2016,0.0255,,,,,,,,,,,,,,5/30/2016,4,,,,X
F22.4_LV_S_A1,WO,F22,A1,dodg,,LV,S,,4/9/2016,,,,4/20/2016,0.0081,,,,,,,,,,,,,,,,,,,,,,could not find at cleaning,,,
F22.5_LV_S_A1,,F22,A1,dodg,,LV,S,,4/9/2016,4/20/2016,0.0174,,4/21/2016,0.2,shifted to 3rd (from 4th) because of rapid molt.  Assume moved to cup as 2nd,4/28/2016,0.0367,,,,,,,,,,,,,,,,,5/4/2016,3,,,,X
F22.6_LV_S_A1,WP,F22,A1,dodg,F,LV,S,,4/9/2016,,,,4/20/2016,0.0168,,4/21/2016,0.0277,shifted to 3rd (from 4th) because of rapid molt.  Assume moved to cup as 2nd,4/30/2016,0.0408,,5/7/2016,0.0755,,,,,,,,,,,5/17/2016,A,died molting to adult,,,X
F22.7_LV_S_A1,GrR,F22,A1,dodg,M,LV,S,,4/9/2016,,,,4/20/2016,0.0245,,4/24/2016,0.0309,,5/2/2016,0.0778,,5/10/2016,0.114,,,,,5/21/2016,0.2271,10.7,4.83,,,6/14/2016,A,,,,X
FZ1.1_HV_L_C1,WR,FZ1,C1,dodg,M,HV,L,7 dead,4/8/2016,,,,4/20/2016,0.0487,,4/24/2016,0.0762,,4/30/2016,0.1247,,5/9/2016,0.1797,,,,,5/14/2016,0.2546,11.11,4.27,Found adult without molt,,6/10/2016,A,maybe one day earlier,,,X
FZ1.2_HV_L_C1,WY,FZ1,C1,dodg,,HV,L,,4/8/2016,,,,4/20/2016,0.0247,,,,,,,,,,,,,,,,,,,,4/22/2016,,Could not find at cleaning,,,
FZ1.3_HV_L_C1,WB,FZ1,C1,dodg,M,HV,L,,4/8/2016,,,,,,,4/20/2016,0.0418,,4/25/2016,0.0719,,5/2/2016,0.1127,,,,,5/11/2016,0.1722,9.82,4.32,,,6/13/2016,A,Couldn't find the grasshopper in community box on the death date.,,,
FZ1.4_HV_L_C1,WO,FZ1,C1,dodg,M,HV,L,,4/8/2016,,,,,,,4/20/2016,0.0426,,4/25/2016,0.0596,,5/2/2016,0.0935,,,,,5/12/2016,0.1998,9.88,4.38,,,6/25/2016,A,,,,X
FZ1.5_HV_L_C1,WG,FZ1,C1,dodg,,HV,L,,4/8/2016,,,,,,,4/20/2016,0.0438,,,,,,,,,,,,,,,,,4/22/2016,,Could not find at cleaning,,,
FZ1.6_HV_L_C1,WP,FZ1,C1,dodg,,HV,L,,4/8/2016,,,,4/20/2016,0.0479,,4/25/2016,0.07,,,,,,,,,,,,,,,,,4/30/2016,3,,,,X
F26.1_HV_L_A1,WR,F26,A1,dodg,M,HV,L,3 dead,4/10/2016,,,,4/20/2016,0.0332,,4/23/2016,0.0557,,4/28/2016,0.0794,,5/5/2016,0.1935,,,,,5/14/2016,0.2495,11.37,4.29,,,6/10/2016,A,maybe one day earlier,,,X
F26.2_HV_L_A1,WY,F26,A1,dodg,M,HV,L,,4/10/2016,,,,4/20/2016,0.0384,,4/22/2016,0.0404,,4/27/2016,0.0868,,5/3/2016,0.1223,"probably not adult, shifted left",,,,5/13/2016,0.2726,10.46,4.61,,,6/10/2016,A,maybe one day earlier,,,X
F26.3_HV_L_A1,WB,F26,A1,dodg,F,HV,L,,4/10/2016,,,,4/20/2016,0.0357,,4/23/2016,0.0551,,4/29/2016,0.1127,,5/6/2016,0.2112,,,,,5/17/2016,0.3293,11.25,5.35,,,6/10/2016,A,maybe one day earlier,,,X
F26.4_HV_L_A1,WO,F26,A1,dodg,F,HV,L,,4/10/2016,,,,,,,4/20/2016,0.0302,,5/2/2016,0.0973,,,,,,,,5/19/2016,0.3533,10.61,4.8,,,6/18/2016,A,,,,X
F26.5_HV_L_A1,WG,F26,A1,dodg,F,HV,L,,4/10/2016,,,,4/20/2016,0.0163,,4/25/2015,0.0365,,4/30/2016,0.0738,,,,,,,,,,,,,,,4,,,,X
F10.1_HV_L_A1,WR,F10,A1,dodg,M,HV,L,4 dead,4/9/2016,,,,4/20/2016,0.039,,4/21/2016,0.0536,shifted to 3rd (from 4th) because of rapid molt.  Assume moved to cup as 2nd,4/26/2016,0.0836,,5/3/2016,0.1848,,,,,5/14/2016,0.3601,11.72,4.58,,,5/19/2016,A,,,,X
F10.2_HV_L_A1,WY,F10,A1,dodg,M,HV,L,,4/9/2016,,,,4/20/2016,0.0342,,4/21/2016,0.0408,shifted to 3rd (from 4th) because of rapid molt.  Assume moved to cup as 2nd,4/26/2016,0.0639,,5/3/2016,0.1102,,,,,5/14/2016,0.2658,10.27,4.47,,,6/18/2016,A,,,,X
F10.3_HV_L_A1,WB,F10,A1,dodg,M,HV,L,,4/9/2016,,,,4/20/2016,0.034,,4/21/2016,0.0418,shifted to 3rd (from 4th) because of rapid molt.  Assume moved to cup as 2nd,4/26/2016,0.0611,,5/3/2016,0.1355,,,,,5/13/2016,0.2283,10.59,4.17,left limb missing,,6/10/2016,A,maybe one day earlier,,,X
F10.4_HV_L_A1,WO,F10,A1,dodg,F,HV,L,,4/9/2016,,,,4/20/2016,0.034,,4/21/2016,0.0393,shifted to 3rd (from 4th) because of rapid molt.  Assume moved to cup as 2nd,4/27/2016,0.0698,,5/5/2016,0.12,,,,,5/16/2016,0.1829,10.52,4.1,,,6/20/2016,A,,,,X
F10.5_HV_L_A1,,F10,A1,dodg,M,HV,L,,4/9/2016,,,,4/20/2016,0.0411,,4/22/2016,0.0513,,4/27/2016,0.0759,,,,,,,,,,,,,,5/3/2016,4,,,,X
F14.1_HV_L_A1,WR,F14,A1,dodg,F,HV,L,,4/9/2016,,,,4/20/2016,0.0216,,4/24/2016,0.0538,,4/30/2016,0.1323,,5/7/2016,0.2011,,,,,,,,,,,5/19/2016,5,,,,X
F14.2_HV_L_A1,,F14,A1,dodg,F,HV,L,,4/9/2016,,,,4/20/2016,0.0275,,4/22/2016,0.044,,4/28/2016,0.0842,,,,,,,,,,,,,,5/3/2016,4,,,,X
F14.3_HV_L_A1,WB,F14,A1,dodg,F,HV,L,,4/9/2016,,,,4/20/2016,0.0215,,4/24/2016,0.0513,,5/3/2016,0.1276,,5/11/2016,0.2904,,,,,5/21/2016,0.5097,13.42,5.77,,,6/28/2016,A,,,,X
F14.4_HV_L_A1,,F14,A1,dodg,F,HV,L,,4/9/2016,,,,4/20/2016,0.0284,,4/23/2016,0.0661,,4/29/2016,0.1381,,5/6/2016,0.1986,,,,,,,,,,,5/11/2016,5,,,,X
F14.5_HV_L_A1,WG,F14,A1,dodg,F,HV,L,,4/9/2016,,,,4/20/2016,0.0192,,4/25/2016,0.0459,,5/2/2016,0.1133,,5/9/2016,0.1786,,,,,5/20/2016,0.3545,12.45,4.93,,Y,7/1/2016,A,,10,,X
F15.1_HV_L_B1,WR,F15,B1,dodg,F,HV,L,1 dead,4/9/2016,,,,4/20/2016,0.0309,,4/22/2016,0.0376,,4/28/2016,0.0714,,5/6/2016,0.2159,,,,,5/19/2016,0.3217,11.59,4.79,,,6/27/2016,A,,,,X
F15.2_HV_L_B1,WY,F15,B1,dodg,M,HV,L,,4/9/2016,,,,4/20/2016,0.033,,4/21/2016,0.0301,shifted to 3rd (from 4th) because of rapid molt.  Assume moved to cup as 2nd,4/27/2016,0.072,,5/3/2016,0.1214,,,,,5/13/2016,0.2255,10.75,3.75,,,5/19/2016,A,,,,X
F15.3_HV_L_B1,,F15,B1,dodg,M,HV,L,,4/9/2016,,,,4/20/2016,0.0306,,4/22/2016,0.039,,4/28/2016,0.078,,5/5/2016,0.1449,,,,,,,,,,,5/12/2016,5,,,,X
F15.4_HV_L_B1,WO,F15,B1,dodg,F,HV,L,,4/9/2016,,,,4/20/2016,0.014,,4/27/2016,0.0278,,5/5/2016,0.05,,5/13/2016,0.1644,,,,,5/23/2016,0.245,11.72,4.81,,,6/22/2016,A,,,,X
F15.5_HV_L_B1,,F15,B1,dodg,,HV,L,,4/9/2016,,,,4/20/2016,0.0365,,4/21/2016,0.0343,shifted to 3rd (from 4th) because of rapid molt.  Assume moved to cup as 2nd,4/28/2016,0.0623,,,,,,,,,,,,,,5/2/2016,4,,,,X
F15.6_HV_L_B1,WP,F15,B1,dodg,,HV,L,,4/9/2016,,,,4/20/2016,0.0303,,4/22/2016,0.0331,,,,,,,,,,,,,,,,,,3,,,,X
F15.7_HV_L_B1,GrR,F15,B1,dodg,M,HV,L,,4/9/2016,,,,4/20/2016,0.0328,,4/21/2016,0.0326,shifted to 3rd (from 4th) because of rapid molt.  Assume moved to cup as 2nd,4/27/2016,0.071,,5/3/2016,0.1219,,,,,5/14/2016,0.1928,11.53,3.95,,,6/17/2016,A,,,,X
F15.8_HV_L_B1,GrY,F15,B1,dodg,F,HV,L,,4/9/2016,,,,4/20/2016,0.0392,,4/22/2016,0.0524,,4/28/2016,0.0731,,5/5/2016,0.2327,,,,,5/16/2016,0.392,11.81,4.87,,,6/17/2016,A,,,,X
FD1.1_LV_S_C1,,FD1,C1,dodg,M,LV,S,2 dead,4/7/2016,,,,4/20/2016,0.0304,,4/21/2016,0.0392,shifted to 3rd (from 4th) because of rapid molt.  Assume moved to cup as 2nd,4/27/2016,0.054,,,,,,,,,,,,,,5/7/2016,5,died while molting to 5th,,,X
FD1.2_LV_S_C1,WR,FD1,C1,dodg,,LV,S,,4/7/2016,4/20/2016,0.0315,,4/21/2016,0.0452,shifted to 3rd (from 4th) because of rapid molt.  Assume moved to cup as 2nd,4/27/2016,0.1018,,5/2/2016,0.0852,,5/5/2016,0.1592,,,,,5/18/2016,0.223,10.85,4.75,lose left leg,,5/23/2016,A,"sex uncertain, most of body decomposed at data cleaning",,,X
FD1.3_LV_S_C1,WY,FD1,C1,dodg,M,LV,S,,4/7/2016,,,,4/20/2016,0.0292,,4/21/2016,0.0395,shifted to 3rd (from 4th) because of rapid molt.  Assume moved to cup as 2nd,,,mid-molt 4/30/2016,5/7/2016,0.0918,missing right leg,,,,5/20/2016,0.2039,9.77,4.1,"measurements from 8 June. lost weight, missing right leg, ",,6/27/2016,A,,,,X
FD1.4_LV_S_C1,WB,FD1,C1,dodg,F,LV,S,,4/7/2016,,,,4/20/2016,0.0314,,4/21/2016,0.0456,shifted to 3rd (from 4th) because of rapid molt.  Assume moved to cup as 2nd,4/28/2016,0.1021,,5/5/2016,0.1458,,,,,5/17/2016,0.444,10.86,5.17,,,6/3/2016,A,,,,X
FD1.5_LV_S_C1,WO,FD1,C1,dodg,M,LV,S,,4/7/2016,,,,4/20/2016,0.0368,,4/26/2016,0.0748,,4/28/2016,0.0803,,5/3/2016,0.156,"not adult, shifted left",,,,5/14/2016,0.2446,10.77,3.91,,Y,7/4/2016,A,,,,X
FD1.6_LV_S_C1,,FD1,C1,dodg,M,LV,S,,4/7/2016,,,,,,,4/20/2016,0.0322,,4/21/2016,0.0443,,,,,,,,,,,,,,5/6/2016,4,,,,X
FD1.7_LV_S_C1,WG,FD1,C1,dodg,M,LV,S,,4/7/2016,,,,,,,4/20/2016,0.0291,,4/26/2016,0.0607,,5/3/2016,0.1572,,,,,5/12/2016,0.2017,11.02,4,,,6/21/2016,A,,,,X
FD1.8_LV_S_C1,WP,FD1,C1,dodg,F,LV,S,,4/7/2016,,,,,,,4/20/2016,0.0362,,4/26/2016,0.0838,,5/3/2016,0.2234,,,,,5/13/2016,0.4366,12.88,4.9,,,7/3/2016,A,,6,,X
FD1.9_LV_S_C1,GrR,FD1,C1,dodg,M,LV,S,,4/7/2016,,,,,,,4/20/2016,0.0285,,4/26/2016,0.0529,,5/3/2016,0.1006,,,,,5/14/2016,0.1859,10.16,3.88,,,6/29/2016,A,,,,X
FD1.10_LV_S_C1,GrY,FD1,C1,dodg,M,LV,S,,4/7/2016,,,,,,,4/20/2016,0.0401,,4/26/2016,0.0772,,5/3/2016,0.1708,,,,,5/12/2016,0.2288,10.98,4.02,,,6/28/2016,A,,,,X
FD1.11_LV_S_C1,GrB,FD1,C1,dodg,M,LV,S,,4/7/2016,,,,,,,4/20/2016,0.0375,,4/26/2016,0.0654,,5/3/2016,0.1692,,,,,5/13/2016,0.2359,10.37,3.91,,Y,7/4/2016,A,,,,X
FD1.12_LV_S_C1,GrO,FD1,C1,dodg,M,LV,S,,4/7/2016,,,,,,,4/20/2016,0.0338,,4/26/2016,0.0587,,5/3/2016,0.1481,,,,,5/13/2016,0.2091,10.29,4.28,,,7/4/2016,A,,,,X
FD1.13_LV_S_C1,GrG,FD1,C1,dodg,F,LV,S,,4/7/2016,,,,4/20/2016,0.0333,,4/21/2016,0.0463,shifted to 3rd (from 4th) because of rapid molt.  Assume moved to cup as 2nd --- Found molt on 4/22 with 0.522 weight,4/27/2016,0.0657,,5/6/2016,0.2322,,,,,5/16/2016,0.3026,11.77,4.86,,,5/25/2016,A,dead during first 2 hours of feeding experiment,,,X
FD1.14_LV_S_C1,GrP,FD1,C1,dodg,F,LV,S,,4/7/2016,,,,,,,4/20/2016,0.0304,,4/27/2016,0.0652,,5/5/2016,0.2078,,,,,5/16/2016,0.279,11.42,4.76,,Y,7/4/2016,A,,12,,X
FD1.15_LV_S_C1,,FD1,C1,dodg,M,LV,S,,4/7/2016,,,,,,,4/20/2016,0.0396,,4/26/2016,0.0889,,5/3/2016,0.1433,,,,,,,,,,,5/9/2016,5,,,,X
FD1.16_LV_S_C1,RY,FD1,C1,dodg,M,LV,S,,4/7/2016,,,,,,,4/20/2016,0.028,,4/26/2016,0.054,,5/3/2016,0.1047,,,,,5/14/2016,0.2092,10.39,3.93,,Y,7/4/2016,A,,,,X
FD1.17_LV_S_C1,RB,FD1,C1,dodg,F,LV,S,,4/7/2016,,,,4/20/2016,0.0297,,4/21/2016,0.0451,shifted to 3rd (from 4th) because of rapid molt.  Assume moved to cup as 2nd,4/28/2016,0.1049,,5/5/2016,0.2067,,,,,5/16/2016,0.395,11.41,4.68,,Y,7/4/2016,A,,9,,X
F73.1_HV_L_B1,,F73,B1,dodg,,HV,L,0 dead,4/8/2016,,,,,,,4/20/2016,0.0445,,,,,,,,,,,,,,,,,4/25/2016,,Could not find at cleaning,,,
F73.2_HV_L_B1,,F73,B1,dodg,,HV,L,,4/8/2016,,,,,,,4/20/2016,0.0492,,4/24/2016,0.0697,,,,,,,,,,,,,,5/2/2016,4,,,,X
F73.3_HV_L_B1,WB,F73,B1,dodg,M,HV,L,,4/8/2016,,,,,,,4/20/2016,0.0449,,4/26/2016,0.0752,,,,,,,,,,,,,,4/30/2016,4,,,,X
F73.4_HV_L_B1,,F73,B1,dodg,F,HV,L,,4/8/2016,,,,,,,4/20/2016,0.0469,,,,,,,,,,,,,,,,,4/26/2016,3,,,,X
F73.5_HV_L_B1,,F73,B1,dodg,M,HV,L,,4/8/2016,,,,,,,4/20/2016,0.0506,,,,,,,,,,,,,,,,,4/26/2016,4,died molting to 4th,,,X
F73.6_HV_L_B1,,F73,B1,dodg,,HV,L,,4/8/2016,,,,,,,4/20/2016,0.0486,,,,,,,,,,,,,,,,,4/27/2016,3,,,,X
F73.7_HV_L_B1,GrR,F73,B1,dodg,,HV,L,,4/8/2016,,,,,,,4/20/2016,0.048,,,,,,,,,,,,,,,,,,3,,,,X
F73.8_HV_L_B1,,F73,B1,dodg,F,HV,L,,4/8/2016,,,,,,,4/20/2016,0.0492,,4/26/2016,0.089,,,,,,,,,,,,,,5/5/2016,4,,,,X
F73.9_HV_L_B1,,F73,B1,dodg,,HV,L,,4/8/2016,,,,,,,4/20/2016,0.0535,,,,,,,,,,,,,,,,,4/26/2016,4,,,,X
F82.1_LV_L_C1,,F82,C1,dodg,,LV,L,2 dead,4/7/2016,,,,4/20/2016,0.0302,,4/23/2016,0.0467,,,,,,,,,,,,,,,,,5/2/2016,3,,,,X
F82.2_LV_L_C1,WY,F82,C1,dodg,,LV,L,,4/7/2016,,,,4/20/2016,0.0221,,4/29/2016,0.0279,"looks like a 3rd, so shifted left",,,,,,,,,,,,,,,,5/4/2016,3,,,,X
F82.3_LV_L_C1,WB,F82,C1,dodg,M,LV,L,,4/7/2016,,,,4/20/2016,0.0309,,4/23/2016,0.0401,,4/30/2016,0.0732,,5/9/2016,0.1271,"not adult, shifted left",,,,5/22/2016,0.2193,9.78,4.08,,,6/10/2016,A,maybe one day earlier,,,X
F82.4_LV_L_C1,,F82,C1,dodg,F,LV,L,,4/7/2016,,,,4/20/2016,0.0344,,4/22/2016,0.0458,,4/29/2016,0.0668,,5/30/2016,0.1443,,,,,,,,,,,5/3/2016,5,,,,X
F82.5_LV_L_C1,WG,F82,C1,dodg,F,LV,L,,4/7/2016,,,,,,,4/20/2016,0.0283,,4/27/2016,0.0303,,5/13/2016,0.0529,,,,,,,,,,,6/13/2016,5,,,,X
F82.6_LV_L_C1,WP,F82,C1,dodg,M,LV,L,,4/7/2016,,,,4/20/2016,0.0359,,4/22/2016,0.0342,,5/2/2016,0.0569,looks more like a 4th.  Also missing a leg,,,,,,,,,,,,,5/4/2016,4,,,,X
F75.1_LV_L_C1,WR,F75,C1,dodg,F,LV,L,3 dead,4/7/2016,,,,4/20/2016,0.0399,,4/22/2016,0.0498,,4/29/2016,0.0914,,5/3/2016,0.1134,"not adult, shifted left",,,,,,,,,,5/5/2016,5,,,,X
F75.2_LV_L_C1,,F75,C1,dodg,F,LV,L,,4/7/2016,,,,4/20/2016,0.0362,,4/22/2016,0.0421,,4/30/2016,0.0877,"not fifth, shifted left.  Found dead as a newly molted 5th instar",,,,,,,,,,,,,5/9/2016,4,,,,X
F75.3_LV_L_C1,,F75,C1,dodg,F,LV,L,,4/7/2016,,,,4/20/2016,0.0356,,4/23/2016,0.0561,,4/30/2016,0.0783,,,,,,,,,,,,,,5/6/2016,4,,,,X
F75.4_LV_L_C1,,F75,C1,dodg,M,LV,L,,4/7/2016,,,,,,,4/20/2016,0.0348,,4/22/2016,0.0416,,4/29/2016,0.0605,,,,,,,,,,,5/2/2016,5,,,,X
F75.5_LV_L_C1,,F75,C1,dodg,F,LV,L,,4/7/2016,,,,4/20/2016,0.0424,,4/22/2016,0.0582,,4/28/2016,0.0767,,4/30/2016,0.076,shifted from 5+ to 5 due to rapid molt,,,,,,,,,,5/3/2016,5,,,,X
F75.6_LV_L_C1,,F75,C1,dodg,,LV,L,,4/7/2016,,,,4/20/2016,0.0379,,4/21/2016,0.0377,shifted to 3rd (from 4th) because of rapid molt.  Assume moved to cup as 2nd,4/29/2016,0.1168,,,,,,,,,,,,,,5/11/2016,,"decomposed at data cleaning.  Not sure of instar, but data are highly plausible",,,X
F75.7_LV_L_C1,GrR,F75,C1,dodg,F,LV,L,,4/7/2016,,,,,,,4/20/2016,0.0352,,4/22/2016,0.0427,,,,,,,,5/18/2016,0.3185,11.5,5.2,"Found, remeasured, and moved on 6/1/2016",,6/13/2016,A,,,,X
F75.8_LV_L_C1,GrY,F75,C1,dodg,M,LV,L,,4/7/2016,,,,4/20/2016,0.0373,,4/22/2016,0.0357,,4/29/2016,0.0818,,5/7/2016,0.1272,does not appear to be adult; shifted left,,,,5/19/2016,0.2311,9.41,4.28,,,6/25/2016,A,,,,X
F75.9_LV_L_C1,,F75,C1,dodg,F,LV,L,,4/7/2016,,,,4/20/2016,0.0321,,4/23/2016,0.0468,,4/30/2016,0.0891,,,,,,,,,,,,,,5/2/2016,4,,,,X
F75.10_LV_L_C1,GrO,F75,C1,dodg,,LV,L,,4/7/2016,,,,4/20/2016,0.0373,,4/21/2016,0.0364,shifted to 3rd (from 4th) because of rapid molt.  Assume moved to cup as 2nd,,,,,,,,,,,,,,,,,3,,,,X
F75.11_LV_L_C1,GrG,F75,C1,dodg,M,LV,L,,4/7/2016,,,,4/20/2016,0.0364,,4/22/2016,0.0395,,4/30/2016,0.0848,,5/9/2016,0.1519,"not adult, shifted left",,,,5/22/2016,0.2031,8.99,4.02,,,6/13/2016,A,,,,X
F75.1_LV_L_B1,WR,F75,B1,dodg,M,LV,L,,4/8/2016,,,,,,,4/21/2016,0.0455,,4/23/2016,0.0566,,5/9/2016,0.1885,,,,,5/22/2016,0.2888,9.87,4.66,,,6/28/2016,A,,,,X
F75.2_LV_L_B1,WY,F75,B1,dodg,F,LV,L,,4/8/2016,,,,4/21/2016,0.0362,,4/25/2016,0.0474,,5/2/2016,0.0599,,5/16/2016,0.0804,"not adult, shift left; right limb missing",,,,,,,,,,5/20/2016,5,,,,X
F75.3_LV_L_B1,,F75,B1,dodg,,LV,L,,4/8/2016,4/21/2016,0.0159,,4/25/2016,0.0145,,,,,,,,,,,,,,,,,,,,4/28/2016,2,,,,X
F75.4_LV_L_B1,WO,F75,B1,dodg,F,LV,L,,4/8/2016,,,,4/21/2016,0.0315,,4/26/2016,0.0516,,5/2/2016,0.0857,,5/11/2016,0.1534,not an adult so shifted to transfer at 2nd instar,,,,5/22/2016,0.317,11.82,5.31,,Y,7/4/2016,A,,9,,X
F75.5_LV_L_B1,WG,F75,B1,dodg,F,LV,L,,4/8/2016,,,,,,,4/21/2016,0.0379,,4/24/2016,0.0503,,5/9/2016,0.1569,,,,,5/22/2016,0.3639,11.47,5.23,,,6/27/2016,A,,,,X
F75.6_LV_L_B1,WP,F75,B1,dodg,M,LV,L,,4/8/2016,,,,4/21/2016,0.0357,,4/23/2016,0.0369,,5/2/2016,0.056,,5/12/2016,0.1942,,,,,5/23/2016,0.237,10.86,4.5,,Y,7/4/2016,A,,,,X
F75.7_LV_L_B1,GrR,F75,B1,dodg,F,LV,L,,4/8/2016,4/21/2016,0.0387,,4/23/2016,0.0387,,4/29/2016,0.0813,,5/2/2016,0.0679,not adult so shifted left,5/7/2016,0.177,Still doesn't appear to be adult,,,,5/12/2016,0.1901,,,,Y,7/4/2016,A,,12,"5/24/2016, 0.2937, protonum: 4.97, femur: 11.65",X
F8B.1_LV_L_A1,WR,F8,A1,dodg,F,LV,L,,4/11/2016,,,,4/21/2016,0.0284,,4/27/2016,0.0524,,,,,,,,,,,,,,,,,4/30/2016,3,,,,X
F8B.2_LV_L_A1,WY,F8,A1,dodg,M,LV,L,,4/11/2016,,,,4/21/2016,0.0257,,4/26/2016,0.0481,,5/4/2016,0.0811,,5/13/2016,0.1679,,,,,5/25/2016,0.2301,10.8,4.52,,,6/17/2016,A,,,,X
F8B.3_LV_L_A1,WB,F8,A1,dodg,M,LV,L,,4/11/2016,,,,4/21/2016,0.0298,,4/26/2016,0.0419,,5/5/2016,0.0891,,5/17/2016,0.163,,,,,,,,,,,5/22/2016,5,,,,X
F8B.4_LV_L_A1,WO,F8,A1,dodg,M,LV,L,,4/11/2016,,,,4/21/2016,0.0267,,4/26/2016,0.0379,,5/5/2016,0.0927,,5/14/2016,0.1407,,,,,5/27/2016,0.2348,10.58,4.36,,Y,7/1/2016,A,,,,X
F8B.5_LV_L_A1,WG,F8,A1,dodg,F,LV,L,,4/11/2016,,,,4/21/2016,0.0245,,4/28/2016,0.047,,5/7/2016,0.0819,,5/17/2016,0.1809,,,,,5/31/2016,0.3681,11.27,5.61,,,6/21/2016,A,,,,X
F8B.6_LV_L_A1,WP,F8,A1,dodg,F,LV,L,,4/11/2016,,,,,,,4/21/2016,0.0289,,4/26/2016,0.0429,,5/13/2016,0.1619,,,,,5/27/2016,0.3674,11.53,5.12,,,6/8/2016,A,,,,X
F8B.7_LV_L_A1,GrR,F8,A1,dodg,F,LV,L,,4/11/2016,,,,4/21/2016,0.0274,,4/28/2016,0.0384,,5/5/2016,0.0846,,5/16/2016,0.2241,"not adult, shifted left",,,,5/28/2016,0.3824,11.69,4.99,no antennae,,6/28/2016,A,,,,X
F3.1_LV_L_A1,WR,F3,A1,dodg,M,LV,L,,4/10/2016,4/21/2016,0.019,,4/26/2016,0.0202,,5/3/2016,0.0404,,5/11/2016,0.0894,,5/23/2016,0.1765,"not adult, shift left ",,,,6/3/2016,0.2961,10.76,4.6,,Y,7/4/2016,A,,,,X
F3.2_LV_L_A1,WY,F3,A1,dodg,M,LV,L,,4/10/2016,,,,4/21/2016,0.0251,,4/27/2016,0.0532,,5/4/2016,0.0719,,5/13/2016,0.1876,,,,,5/25/2016,0.2371,10.9,4.7,,Y,7/4/2016,A,,,,X
F3.3_LV_L_A1,WB,F3,A1,dodg,M,LV,L,,4/10/2016,,,,4/21/2016,0.0263,,4/27/2016,0.0512,,5/5/2016,0.0764,,5/16/2016,0.1219,"not adult, shifted left",,,,5/30/2016,0.2337,10.32,4.64,,Y,7/4/2016,A,,,,X
F3.4_LV_L_A1,WO,F3,A1,dodg,,LV,L,,4/10/2016,,,,4/21/2016,0.0297,,4/26/2016,0.046,,5/3/2016,0.0799,,5/12/2016,0.167,,,,,,,,,,,5/27/2016,,Could not find at cleaning,,,
F3.5_LV_L_A1,,F3,A1,dodg,,LV,L,,4/10/2016,4/21/2016,0.0175,,4/23/2016,0.0303,missing leg,4/30/2016,0.0344,,,,,,,,,,,,,,,,,5/9/2016,3,,,,X
F3.6_LV_L_A1,WP,F3,A1,dodg,F,LV,L,,4/10/2016,,,,4/21/2016,0.0152,,4/29/2016,0.036,,5/9/2016,0.1168,died molting into 5th,,,,,,,,,,,,,5/18/2016,5,,,,X
F18.1_LV_L_B1,WR,F18,B1,dodg,M,LV,L,,4/12/2016,,,,4/21/2016,0.0194,,4/27/2016,0.0281,,5/6/2016,0.0757,,5/14/2016,0.1204,,,,,5/27/2016,0.2243,9.72,4.09,,,6/30/2016,A,,,,X
F18.2_LV_L_B1,WY,F18,B1,dodg,M,LV,L,,4/12/2016,4/21/2016,0.013,,4/22/2016,0.0206,,4/28/2016,0.0271,,5/6/2016,0.0675,shifted left,5/14/2016,0.107,,,,,5/27/2016,0.2007,9,3.56,,Y,7/4/2016,A,,,,X
F18.3_LV_L_B1,WB,F18,B1,dodg,M,LV,L,,4/12/2016,,,,4/21/2016,0.0214,,4/27/2016,0.0424,,5/4/2016,0.0632,,5/13/2016,0.1736,,,,,5/25/2016,0.2272,10.22,4.4,,Y,7/4/2016,A,,,,X
F18.4_LV_L_B1,,F18,B1,dodg,,LV,L,,4/12/2016,,,,4/21/2016,0.0195,,4/27/2016,0.0302,,5/6/2016,0.0724,,,,,,,,,,,,,,5/9/2016,4,,,,X
F18.5_LV_L_B1,WG,F18,B1,dodg,M,LV,L,,4/12/2016,,,,4/21/2016,0.014,,4/28/2016,0.0333,,5/6/2016,0.0579,,,,,,,,,,,,,,5/17/2016,4,,,,X
F18.6_LV_L_B1,WP,F18,B1,dodg,M,LV,L,,4/12/2016,,,,4/21/2016,0.0195,,4/27/2016,0.0283,,5/7/2016,0.0782,,5/16/2016,0.1185,"not adult, shifted left",,,,5/27/2016,0.1998,9.49,4.1,,Y,7/4/2016,A,,,,X
F18.7_LV_L_B1,GrR,F18,B1,dodg,M,LV,L,,4/12/2016,,,,4/21/2016,0.0171,,4/27/2016,0.0287,,5/5/2016,0.0744,,5/13/2016,0.1519,"probably not adult, shifted back ",,,,5/26/2016,0.2679,10.13,4.59,,Y,7/4/2016,A,,,,X
F45A.1_LV_L_A1,WR,F45,A1,dodg,,LV,L,0 dead,4/10/2016,,,,4/21/2016,0.0102,,,,,,,,,,,,,,,,,,,,4/23/2016,,Could not find at cleaning,,,
F45A.2_LV_L_A1,WY,F45,A1,dodg,F,LV,L,,4/10/2016,4/21/2016,0.03,,4/25/2016,0.0418,,4/27/2016,0.0437,,5/5/2016,0.0787,,5/16/2016,0.2508,"not adult, shift left, must have initially transitioned as 1st instar",,,,5/27/2016,0.3315,11.13,4.68,,Y,7/4/2016,A,,9,,X
F45A.3_LV_L_A1,,F45,A1,dodg,F,LV,L,,4/10/2016,4/21/2016,0.0131,,2/29/2016,0.0353,,,,,,,,,,,,,,,,,,,,5/9/2016,2,,,,X
F45A.4_LV_L_A1,WO,F45,A1,dodg,F,LV,L,,4/10/2016,,,,4/21/2016,0.0147,,4/22/2016,0.028,,4/28/2016,0.0359,,5/6/2016,0.1126,,,,,5/25/2016,0.3326,12.46,5.29,,Y,7/4/2016,A,,13,,X
F23.1_LV_L_A1,WR,F23,A1,dodg,F,LV,L,0 dead,4/10/2016,,,,4/21/2016,0.0276,,4/26/2016,0.0387,,5/4/2016,0.07,,5/13/2016,0.2406,,,,,5/25/2016,0.3594,11.9,5.34,,Y,7/1/2016,A,,7,14 eggs,X
F23.2_LV_L_A1,,F23,A1,dodg,F,LV,L,,4/10/2016,,,,4/21/2016,0.0252,,4/29/2016,0.0396,,5/7/2016,0.0694,left hindlimb missing,,,,,,,,,,,,,5/9/2016,4,,,,X
F23.3_LV_L_A1,WB,F23,A1,dodg,,LV,L,,4/10/2016,,,,4/21/2016,0.0076,,,,,,,,,,,,,,,,,,,,4/22/2016,,Could not find at cleaning,,,
F23.4_LV_L_A1,WO,F23,A1,dodg,M,LV,L,,4/10/2016,4/21/2016,0.0168,,4/25/2016,0.0186,,5/2/2016,0.0402,"not a 5th, so shifted left",5/9/2016,0.0926,,5/18/2016,0.1399,,,,,5/31/2016,0.2289,8.78,4.36,,Y,7/1/2016,A,,,,X
F23.5_LV_L_A1,WG,F23,A1,dodg,F,LV,L,,4/10/2016,,,,4/21/2016,0.0331,,4/25/2013,0.0485,,5/3/2016,0.0633,,5/14/2016,0.1466,,,,,,,,,,,5/25/2016,5,,,,X
F01B.1_LV_L_C1,WR,F01,C1,dodg,F,LV,L,2 dead,4/8/2016,,,,,,,4/21/2016,0.0322,,4/22/2016,0.0313,,5/9/2016,0.1579,,,,,5/22/2016,0.2618,10.88,4.82,,,7/3/2016,A,,,,X
F01B.2_LV_L_C1,WB,F01,C1,dodg,M,LV,L,,4/8/2016,,,,4/21/2016,0.0349,,4/22/2016,0.0491,,4/28/2016,0.0671,,5/6/2016,0.1119,,,,,5/17/2016,0.1862,10.05,4.2,,,6/21/2016,A,,,,X
F01B.3_LV_L_C1,,F01,C1,dodg,,LV,L,,4/8/2016,,,,4/21/2016,0.0275,,,,,,,,,,,,,,,,,,,,4/25/2016,,Could not find at cleaning,,,
F01B.4_LV_L_C1,,F01,C1,dodg,M,LV,L,,4/8/2016,,,,4/21/2016,0.0297,,4/23/2016,0.0291,,5/2/2016,0.0556,,,,,,,,,,,,,,5/9/2016,4,,,,X
F01B.5_LV_L_C1,WG,F01,C1,dodg,F,LV,L,,4/8/2016,,,,,,,4/21/2016,0.0418,,4/27/2016,0.0626,,5/7/2016,0.1562,,,,,5/19/2016,0.2318,9.94,4.36,,Y,7/4/2016,A,,5,,X
F01B.6_LV_L_C1,WY,F01,C1,dodg,F,LV,L,,4/8/2016,,,,4/21/2016,0.0328,,4/22/2016,0.0308,,4/30/2016,0.0861,,5/9/2016,0.158,"not adult, shifted left",,,,5/23/2016,0.254,10.51,4.58,,Y,7/4/2016,A,,7,,X
F01B.7_LV_L_C1,GrR,F01,C1,dodg,M,LV,L,,4/8/2016,,,,,,,4/21/2016,0.0296,,5/3/2016,0.053,,5/13/2016,0.1221,,,,,,,,,,,6/3/2016,5,,,,X
F01B.8_LV_L_C1,GrY,F01,C1,dodg,,LV,L,,4/8/2016,,,,4/21/2016,0.0179,,4/25/2016,0.0378,,,,,,,,,,,,,,,,,4/23/2016,,Could not find at cleaning,,,
FX1.1_LV_L_C1,WR,FX1,C1,dodg,M,LV,L,0 dead,4/8/2016,,,,4/21/2016,0.0314,,4/22/2016,0.0453,,4/29/2016,0.0714,,5/9/2016,0.1081,"not adult, shifted left",,,,5/22/2016,0.1716,8.77,4.22,,,6/25/2016,A,,,,X
FX1.2_LV_L_C1,WY,FX1,C1,dodg,M,LV,L,,4/8/2016,,,,4/21/2016,0.0314,,4/22/2016,0.0417,,4/30/2016,0.0914,,5/9/2016,0.1591,"not adult, shifted left",,,,5/23/2016,0.2302,9.93,4.15,,,6/18/2016,A,,,,X
FX1.3_LV_L_C1,,FX1,C1,dodg,,LV,L,,4/8/2016,,,,4/21/2016,0.0311,,4/23/2016,0.0324,,,,,,,,,,,,,,,,,4/25/2016,,Could not find at cleaning,,,
FX1.4_LV_L_C1,,FX1,C1,dodg,,LV,L,,4/8/2016,,,,4/21/2016,0.0309,,4/24/2016,0.0339,,,,,,,,,,,,,,,,,4/27/2016,3,,,,X
FX1.5_LV_L_C1,,FX1,C1,dodg,,LV,L,,4/8/2016,,,,4/21/2016,0.0286,,4/23/2016,0.0293,,,,,,,,,,,,,,,,,4/25/2016,,Could not find at cleaning,,,
FX1.6_LV_L_C1,,FX1,C1,dodg,F,LV,L,,4/8/2016,,,,4/21/2016,0.0317,,4/22/2016,0.0278,Missing leg,4/30/2016,0.0841,,,,,,,,,,,,,,5/9/2016,4,,,,X
FX1.7_LV_L_C1,WB,FX1,C1,dodg,M,LV,L,,4/8/2016,,,,,,,4/21/2016,0.0323,,4/23/2016,0.0318,missing leg,5/2/2016,0.0736,,,,,5/13/2016,0.1708,9.64,3.24,missing left leg,,6/15/2016,A,,,,X
FX1.8_LV_L_C1,WO,FX1,C1,dodg,M,LV,L,,4/8/2016,,,,4/21/2016,0.0391,,4/22/2016,0.0573,,4/29/2016,0.0893,,5/7/2016,0.1302,does not appear to be adult; shifted left,,,,5/19/2016,0.2669,10.16,4.4,,,7/1/2016,A,,,,X
FX1.9_LV_L_C1,WG,FX1,C1,dodg,F,LV,L,,4/8/2016,,,,4/21/2016,0.0362,,4/23/2016,0.0503,,5/2/2016,0.1051,,5/9/2016,0.2203,"5th, not adult, moved left",,,,5/20/2016,0.2721,11.59,5.25,,,6/25/2016,A,,,,X
FX1.10_LV_L_C1,WP,FX1,C1,dodg,F,LV,L,,4/8/2016,,,,4/21/2016,0.0358,,4/23/2016,0.0545,,4/30/2016,0.0845,,5/9/2016,0.1306,"not adult, shifted left",,,,5/20/2016,0.1545,,4.56,,,6/1/2016,A,,,,X
FX1.11_LV_L_C1,,FX1,C1,dodg,,LV,L,,4/8/2016,,,,4/21/2016,0.0349,,4/22/2016,0.0435,,4/29/2016,0.0932,,,,,,,,,,,,,,5/9/2016,4,,,,X
FX1.12_LV_L_C1,GrR,FX1,C1,dodg,M,LV,L,,4/8/2016,,,,4/21/2016,0.0349,,4/22/2016,0.034,,4/30/2016,0.0962,,5/7/2016,0.1212,does not appear to be adult; shifted left,,,,5/19/2016,0.252,10.08,4.82,,,6/21/2016,A,,,,X
FX1.13_LV_L_C1,,FX1,C1,dodg,,LV,L,,4/8/2016,,,,4/21/2016,0.0345,,,,,,,,,,,,,,,,,,,,4/26/2016,3,died while molting,,,X
FX1.14_LV_L_C1,,FX1,C1,dodg,,LV,L,,4/8/2016,,,,4/21/2016,0.0246,,,,,,,,,,,,,,,,,,,,4/26/2016,2,,,,X
F19.1_LV_L_A1,WR,F19,A1,dodg,M,LV,L,2 dead,4/11/2016,,,,4/21/2016,0.0138,,4/30/2016,0.037,,5/9/2016,0.0786,,5/19/2016,0.1438,,,,,5/31/2016,0.2348,9.34,4.15,,Y,7/4/2016,A,,,,X
F27.1_LV_L_A1,WY,F27,A1,dodg,M,LV,L,1 dead,4/11/2016,,,,4/21/2016,0.0276,,4/27/2016,0.0498,,5/7/2016,0.1112,,5/16/2016,0.1493,"not adult, shifted left; Left limb missing",,,,,,,,,,5/18/2016,5,,,,X
F27.2_LV_L_A1,WB,F27,A1,dodg,M,LV,L,,4/11/2016,,,,4/21/2016,0.0261,,4/27/2016,0.044,,5/5/2016,0.0601,,,,,,,,,,,,,,5/17/2016,4,,,,X
F27.3_LV_L_A1,WO,F27,A1,dodg,M,LV,L,,4/11/2016,,,,4/21/2016,0.0266,,4/25/2016,0.0409,,5/3/2016,0.087,,5/12/2016,0.1499,,,,,5/25/2016,0.2191,9.1,4.15,,Y,7/4/2016,A,,,,X
F27.4_LV_L_A1,WG,F27,A1,dodg,M,LV,L,,4/11/2016,,,,4/21/2016,0.0236,,4/27/2016,0.0458,,5/5/2016,0.0811,,5/14/2016,0.147,,,,,5/27/2016,0.2047,9.91,4.08,,Y,7/4/2016,A,,,,X
F27.5_LV_L_A1,,F27,A1,dodg,F,LV,L,,4/11/2016,,,,4/21/2016,0.0235,,4/27/2016,0.0349,,,,,,,,,,,,,,,,,5/7/2016,4,Died molting to 4th,,,X
F27.6_LV_L_A1,GrR,F27,A1,dodg,F,LV,L,,4/11/2016,4/21/2016,0.0168,,4/22/2016,0.0165,,4/30/2016,0.0442,,5/9/2016,0.1068,"not adult, shifted left",5/17/2016,0.1804,,,,,5/30/2016,0.2983,11.09,4.66,,,6/8/2016,A,,,,X
F25B.1_HV_S_A1,,F25,A1,dodg,,HV,S,7 dead,4/11/2016,,,,4/21/2016,0.0166,,4/28/2016,0.0523,,,,,,,,,,,,,,,,,5/3/2016,3,,,,X
F76.1_HV_S_C1,WR,F76,C1,dodg,M,HV,S,0 dead,4/10/2016,,,,,,,4/21/2016,0.0274,,4/28/2016,0.0787,,5/4/2016,0.1426,,,,,5/13/2016,0.2259,11.01,3.89,,,6/24/2016,A,,,,X
F76.2_HV_S_C1,WY,F76,C1,dodg,M,HV,S,,4/10/2016,,,,,,,4/21/2016,0.0388,,4/26/2016,0.0523,,5/3/2016,0.1251,,,,,5/14/2016,0.1974,9.47,4.05,,,,A,uncertain death date,,,X
F76.3_HV_S_C1,WB,F76,C1,dodg,F,HV,S,,4/10/2016,4/21/2016,0.03,,4/22/2016,0.0432,,4/24/2016,0.0494,,4/28/2016,0.0933,,5/4/2016,0.1231,"does not appear to be an adult, probably transferred as first instar",,,,5/16/2016,0.3025,11.19,4.95,,,6/13/2016,A,,,,X
F24.1_HV_S_A1,WR,F24,A1,dodg,M,HV,S,1 dead,4/13/2016,,,,4/21/2016,0.0301,,4/26/2016,0.0511,,5/2/2016,0.0958,,5/9/2016,0.1826,"not adult, shifted left",,,,,,,,,,5/16/2016,5,,,,X
F45B.1_HV_S_A1,WR,F45,A1,dodg,M,HV,S,0 dead,4/9/2016,,,,4/21/2016,0.0133,,4/29/2016,0.0383,,5/13/2016,0.0925,missing leg,5/20/2016,0.0852,missing left leg,,,,,,,,,,5/24/2016,5,,,,X
F45B.2_HV_S_A1,,F45,A1,dodg,F,HV,S,,4/9/2016,,,,4/21/2016,0.0385,,4/23/2016,0.0694,,4/30/2016,0.0718,,,,,,,,,,,,,,5/2/2016,4,,,,X
F45B.3_HV_S_A1,WB,F45,A1,dodg,F,HV,S,,4/9/2016,,,,4/21/2016,0.0397,,4/23/2016,0.0421,,4/30/2016,0.117,,5/9/2016,0.29,"not adult, shifted left",,,,5/19/2016,0.3188,11.58,5.63,"left leg missing, measured right leg ",,6/10/2016,A,maybe one day earlier,,,X
F45B.4_HV_S_A1,,F45,A1,dodg,,HV,S,,4/9/2016,,,,4/21/2016,0.0356,,4/23/2016,0.0527,,,,,,,,,,,,,,,,,4/28/2016,3,,,,X
F45B.5_HV_S_A1,WG,F45,A1,dodg,M,HV,S,,4/9/2016,,,,4/21/2016,0.0322,,4/23/2016,0.0506,,4/30/2016,0.1,,5/7/2016,0.1724,,,,,5/17/2016,0.252,10.92,4.43,right leg fell off during marking ,,4/29/2016,A,,,,X
F45B.6_HV_S_A1,WP,F45,A1,dodg,F,HV,S,,4/9/2016,,,,,,,4/21/2016,0.0359,,4/23/2016,0.0408,,5/7/2016,0.1746,,,,,5/19/2016,0.3427,11.48,5.06,,,5/23/2016,A,,,,X
F45B.7_HV_S_A1,,F45,A1,dodg,M,HV,S,,4/9/2016,,,,4/21/2016,0.0368,,4/22/2016,0.0556,,4/28/2016,0.0945,,5/4/2016,0.1305,"not and adult, so shifted left",,,,,,,,,,5/9/2016,5,,,,X
F45B.8_HV_S_A1,GrY,F45,A1,dodg,F,HV,S,,4/9/2016,,,,4/21/2016,0.0377,,4/23/2016,0.0367,,5/6/2016,0.0452,,,,,,,,,,,,,,5/18/2016,4,,,,X
F45B.9_HV_S_A1,,F45,A1,dodg,,HV,S,,4/9/2016,,,,,,,4/21/2016,0.0342,,4/23/2016,0.059,,,,,,,,,,,,,,5/2/2016,4,,,,X
F45B.10_HV_S_A1,GrO,F45,A1,dodg,,HV,S,,4/9/2016,,,,4/21/2016,0.0322,,4/25/2016,0.0398,,,,,,,,,,,,,,,,,,3,,,,X
F45B.11_HV_S_A1,GrG,F45,A1,dodg,F,HV,S,,4/9/2016,,,,4/21/2016,0.0251,,4/26/2016,0.0459,,5/3/2016,0.0918,,,,,,,,,,,,,,5/12/2016,4,,,,X
F45B.12_HV_S_A1,GrP,F45,A1,dodg,M,HV,S,,4/9/2016,,,,4/21/2016,0.0235,,4/25/2016,0.0315,,5/2/2016,0.0843,,5/9/2016,0.1198,"not adult, shifted left",,,,5/22/2016,0.2464,10.92,4.36,,,5/28/2016,A,,,,X
F45B.13_HV_S_A1,RY,F45,A1,dodg,M,HV,S,,4/9/2016,,,,4/21/2016,0.0323,,4/22/2016,0.0367,,4/28/2016,0.0809,,5/6/2016,0.1487,,,,,,,,,,,5/11/2016,5,,,,X
F4.1_HV_S_A1,WR,F4,A1,dodg,M,HV,S,2 dead,4/9/2016,,,,4/21/2016,0.0355,,4/23/2016,0.0552,,4/29/2016,0.0698,,5/6/2016,0.1297,,,,,,,,,,,5/11/2016,5,,,,X
F4.2_HV_S_A1,WY,F4,A1,dodg,F,HV,S,,4/9/2016,,,,4/21/2016,0.0377,,4/22/2016,0.0537,,4/28/2016,0.0875,,5/7/2016,0.1737,"doesn't look adult, so shifted left",,,,,,,,,,5/20/2016,5,,,,X
F4.3_HV_S_A1,WB,F4,A1,dodg,M,HV,S,,4/9/2016,,,,4/21/2016,0.037,,4/22/2016,0.0387,,4/29/2016,0.092,,5/6/2016,0.1338,,,,,5/17/2016,0.2467,9.93,4.69,,,6/23/2016,A,,,,X
F4.4_HV_S_A1,WO,F4,A1,dodg,F,HV,S,,4/9/2016,,,,4/21/2016,0.0293,,4/26/2016,0.0521,,5/2/2016,0.123,,5/9/2016,0.2281,"not adult, shifted left",,,,5/19/2016,0.4018,13.22,5.98,,,6/28/2016,A,,,,X
F4.5_HV_S_A1,WG,F4,A1,dodg,F,HV,S,,4/9/2016,,,,4/21/2016,0.0375,,4/24/2016,0.0502,,5/2/2016,0.1999,,5/9/2016,0.263,"not adult, shifted left",,,,5/20/2016,0.4373,14.4,6.1,,,6/21/2016,A,,,,X
F4.6_HV_S_A1,,F4,A1,dodg,M,HV,S,,4/9/2016,,,,4/21/2016,0.0415,,4/23/2016,0.0446,,5/2/2016,0.2145,,,,,,,,,,,,,,5/9/2016,4,,,,X
F4.7_HV_S_A1,GrR,F4,A1,dodg,M,HV,S,,4/9/2016,,,,4/21/2016,0.0385,,4/23/2016,0.0491,,4/30/2016,0.1182,,5/7/2016,0.1678,"not adult, shifted left",,,,5/17/2016,0.2534,10.15,4.8,,,6/28/2016,A,,,,X
F28.1_HV_S_A1,WR,F28,A1,dodg,M,HV,S,1 dead,4/10/2016,4/21/2016,0.0157,,4/27/2016,0.0182,,5/7/2016,0.0339,"doesn't look like a 5th, so shifted left",5/16/2016,0.0626,,5/30/2016,0.1335,,,,,,,,,,,6/25/2016,5,,,,X
F28.2_HV_S_A1,WY,F28,A1,dodg,M,HV,S,,4/10/2016,,,,4/21/2016,0.0393,,4/23/2016,0.0401,,4/30/2016,0.1018,,5/7/2016,0.1277,,,,,5/18/2016,0.2306,10.66,4.67,,,6/21/2016,A,,,,X
F28.3_HV_S_A1,WB,F28,A1,dodg,F,HV,S,,4/10/2016,,,,4/21/2016,0.0371,,4/23/2016,0.0396,,4/30/2016,0.1037,,,,,,,,,,,,,,5/5/2016,4,,,,X
F28.4_HV_S_A1,WO,F28,A1,dodg,M,HV,S,,4/10/2016,,,,4/21/2016,0.0229,,4/26/2016,0.0351,,5/3/2016,0.0954,,5/9/2016,0.1488,"not adult, shifted left",,,,5/19/2016,0.2838,11.01,4.74,,Y,7/4/2016,A,,,,X
F9.1_HV_S_A1,WR,F9,A1,dodg,F,HV,S,2 dead,4/10/2016,,,,4/21/2016,0.0338,,4/24/2016,0.0446,,5/2/2016,0.1107,,5/9/2016,0.1496,"Right hindlimb missing.  not adult, shifted left",,,,5/22/2016,0.3203,12.26,5.34,,Y,7/4/2016,A,,7,,X
F1.1_HV_S_A1,WR,F1,A1,dodg,F,HV,S,0 dead,4/11/2016,,,,4/21/2016,0.0208,,4/28/2016,0.0558,,5/3/2016,0.0733,,5/10/2016,0.1708,,,,,,,,,,,5/22/2016,A,molting to adult at death,,,X
F1.2_HV_S_A1,WY,F1,A1,dodg,F,HV,S,,4/11/2016,,,,4/21/2016,0.0161,,4/29/2016,0.0618,"looks like a 3rd, so shifted left",5/4/2016,0.1068,,5/11/2016,0.2505,,,,,5/22/2016,0.4052,11.97,5.53,"missing left leg, measured right",,5/25/2016,A,,,,X
F61.1_HV_S_B1,WR,F61,B1,dodg,,HV,S,0 dead,4/16/2016,4/21/2016,0.0129,,4/23/2016,0.019,,4/29/2016,0.0378,"doesn't look like a 5th, so shifted left",,,,,,,,,,,,,,,,5/4/2016,3,,,,X
F48.1_HV_S_A1,WR,F48,A1,dodg,M,HV,S,2 dead,4/10/2016,,,,4/21/2016,0.0334,,4/22/2016,0.0376,,4/29/2016,0.0807,,5/6/2016,0.1435,,,,,5/16/2016,0.2103,10.9,4.53,,,6/10/2016,A,maybe 1 day earlier,,,X
F48.2_HV_S_A1,WY,F48,A1,dodg,F,HV,S,,4/10/2016,,,,4/21/2016,0.0285,,4/26/2016,0.0504,,5/2/2016,0.0871,,5/9/2016,0.1681,"not adult, shifted left",,,,5/19/2016,0.3584,12.03,5.54,,,6/25/2016,A,,,,X
F48.3_HV_S_A1,WB,F48,A1,dodg,M,HV,S,,4/10/2016,,,,4/21/2016,0.0344,,4/22/2016,0.033,,4/28/2016,0.0666,,5/5/2016,0.1735,,,,,5/14/2016,0.2354,10.72,4.3,,,5/16/2016,A,,,,X
F48.4_HV_S_A1,WO,F48,A1,dodg,F,HV,S,,4/10/2016,,,,,,,4/21/2016,0.0278,,4/25/2016,0.0431,,5/9/2016,0.2215,,,,,5/19/2016,0.3918,12.36,5.62,,,6/27/2016,A,,,,X
F48.5_HV_S_A1,WG,F48,A1,dodg,F,HV,S,,4/10/2016,4/21/2016,0.0148,,4/25/2016,0.018,,5/2/2016,0.0368,,5/9/2016,0.0966,"not adult, shifted left",5/16/2016,0.1527,,,,,5/30/2016,0.4713,12.03,4.62,,Y,7/1/2016,A,,13,,X
F48.6_HV_S_A1,WP,F48,A1,dodg,M,HV,S,,4/10/2016,4/21/2016,0.0305,,4/23/2016,0.032,,5/1/2016,0.0953,,5/9/2016,0.1644,"not adult, shifted left",5/18/2016,0.215,,,,,5/19/2016,0.2707,10.46,4.44,,,,A,MIssing,,,
F48.7_HV_S_A1,GrR,F48,A1,dodg,M,HV,S,,4/10/2016,4/21/2016,0.0188,,4/23/2016,0.021,,4/29/2016,0.044,"looks more like a 4th, so shifted left",5/6/2016,0.0855,,5/13/2016,0.1808,,,,,5/24/2016,0.3087,10.85,4.76,,Y,7/1/2016,A,,,,X
F48.8_HV_S_A1,GrY,F48,A1,dodg,M,HV,S,,4/10/2016,,,,4/21/2016,0.0326,,4/23/2016,0.0431,,4/30/2016,0.0991,,5/6/2016,0.1283,,,,,5/16/2016,0.2446,11.28,4.38,,,6/13/2016,A,,,,X
F7.1_HV_S_B1,WR,F7,B1,dodg,F,HV,S,6 dead,4/10/2016,,,,,,,4/21/2016,0.0375,,4/23/2016,0.0498,,5/7/2016,0.2133,,,,,,,,,,,5/16/2016,5,,,,X
F7.2_HV_S_B1,WY,F7,B1,dodg,M,HV,S,,4/10/2016,,,,,,,4/21/2016,0.0371,,4/23/2016,0.0377,,5/6/2016,0.1349,,,,,5/16/2016,0.2312,10.94,4.52,,Y,7/4/2016,A,,,,X
F7.3_HV_S_B1,WB,F7,B1,dodg,M,HV,S,,4/10/2016,,,,4/21/2016,0.0339,,4/24/2016,0.0501,,4/30/2016,0.1025,,5/7/2016,0.1225,"not adult, moved left",,,,5/17/2016,0.2139,9.97,4.82,,,6/24/2016,A,,,,X
F7.4_HV_S_B1,WO,F7,B1,dodg,M,HV,S,,4/10/2016,,,,,,,4/21/2016,0.0259,,4/26/2016,0.0462,,5/9/2016,0.1462,,,,,5/19/2016,0.2722,9.95,4.49,,,6/24/2016,A,,,,X
F37.1_HV_S_A1,WR,F37,A1,dodg,M,HV,S,0 dead,4/11/2016,,,,4/21/2016,0.0146,,5/4/2016,0.0842,,4/28/2016,0.0343,,5/11/2016,0.1311,,,,,,,,,,,5/18/2016,5,,,,X
F37.2_HV_S_A1,WY,F37,A1,dodg,M,HV,S,,4/11/2016,,,,4/21/2016,0.0256,,4/26/2016,0.0468,,4/30/2016,0.0737,,5/9/2016,0.1458,"not adult, shifted left",,,,5/19/2016,0.2625,10.22,4.61,,,6/18/2016,A,,,,X
F37.3_HV_S_A1,WB,F37,A1,dodg,M,HV,S,,4/11/2016,,,,,,,4/21/2016,0.0243,,4/25/2016,0.0429,,5/2/2016,0.0871,,,,,5/18/2016,0.2344,11.09,4.57,,Y,7/4/2016,A,,,,X
F37.4_HV_S_A1,WO,F37,A1,dodg,F,HV,S,,4/11/2016,,,,4/21/2016,0.0165,,4/27/2016,0.0527,,5/3/2016,0.0768,,5/10/2016,0.176,,,,,5/20/2016,0.3411,12.66,5.42,,,6/21/2016,A,,,,X
F37.5_HV_S_A1,WG,F37,A1,dodg,M,HV,S,,4/11/2016,,,,4/21/2016,0.0183,,4/26/2016,0.0406,,5/2/2016,0.06,,5/10/2016,0.1497,,,,,5/20/2016,0.2521,11.1,4.6,,,,A,Unknown death date,,,X
F37.6_HV_S_A1,WP,F37,A1,dodg,M,HV,S,,4/11/2016,4/21/2016,0.0223,,4/24/2016,0.0372,,4/26/2016,0.0315,Shifted whole log from 5th to 4th instar due to rapid molt,5/2/2016,0.0773,,5/9/2016,0.1373,"not adult, must have transitioned as first instar",,,,5/19/2016,0.2665,10.46,4.66,,,6/30/2016,A,,,,X
F20A.1_HV_S_A1,WR,F20,A1,dodg,F,HV,S,0 dead,4/11/2016,,,,4/21/2016,0.0341,,4/24/2016,0.0423,,5/2/2016,0.1118,,5/9/2016,0.2291,"not adult, shift left",,,,5/19/2016,0.4026,12.19,5.32,,,6/29/2016,A,,,,X
F20A.2_HV_S_A1,WY,F20,A1,dodg,F,HV,S,,4/11/2016,,,,4/21/2016,0.0338,,4/25/2016,0.0509,,5/2/2016,0.111,,5/9/2016,0.1935,"not adult, shifted left",,,,5/19/2016,0.4512,12.35,5.45,,,6/29/2016,A,,NA,,X
F20A.3_HV_S_A1,WB,F20,A1,dodg,M,HV,S,,4/11/2016,,,,4/21/2016,0.0322,,4/25/2016,0.0539,,5/2/2016,0.0908,,5/7/2016,0.119,"not adult, shifted left",,,,,,,,,,5/18/2016,5,,,,X
F20A.4_HV_S_A1,WO,F20,A1,dodg,F,HV,S,,4/11/2016,,,,4/21/2016,0.021,,4/28/2016,0.0371,,5/6/2016,0.0921,#NAME?,5/16/2016,0.2031,,,,,5/27/2016,0.221,11.31,4.79,,,5/30/2016,A,,,,X
F20A.5_HV_S_A1,WG,F20,A1,dodg,F,HV,S,,4/11/2016,4/21/2016,0.0157,,4/28/2016,0.0582,,5/4/2016,0.0794,,5/6/2016,0.1333,,5/12/2016,0.2512,,,,,5/22/2016,0.3583,11.75,5.12,"shifted because extra molt, was not transferred to large bin on 5/12",,,A,,,,X
F20A.6_HV_S_A1,WP,F20,A1,dodg,F,HV,S,,4/11/2016,,,,4/21/2016,0.035,,4/24/2016,0.0468,,4/30/2016,0.1059,,5/9/2016,0.1946,"not adult, shifted left",,,,5/19/2016,0.3004,11.95,4.94,,Y,7/4/2016,A,,5,,X
F20A.7_HV_S_A1,,F20,A1,dodg,F,HV,S,,4/11/2016,,,,,,,4/21/2016,0.0333,,4/25/2016,0.0418,,,,,,,,,,,,,,5/9/2016,4,,,,X
F20A.8_HV_S_A1,GrY,F20,A1,dodg,M,HV,S,,4/11/2016,,,,4/21/2016,0.0257,,4/25/2016,0.0352,,5/2/2016,0.0786,,5/9/2016,0.1578,"not adult, shifted left",,,,5/19/2016,0.2188,10.08,4.1,,,6/29/2016,A,,,,X
F20A.9_HV_S_A1,GrB,F20,A1,dodg,M,HV,S,,4/11/2016,,,,4/21/2016,0.0276,,4/26/2016,0.0548,,5/2/2016,0.0905,,5/10/2016,0.1693,,,,,5/22/2016,0.2542,10.97,4.32,,Y,7/4/2016,A,,,,X
F20A.10_HV_S_A1,GrO,F20,A1,dodg,M,HV,S,,4/11/2016,,,,4/21/2016,0.0331,,4/24/2016,0.0456,,4/30/2016,0.0927,,5/9/2016,0.1635,"not adult, shifted left",,,,5/18/2016,0.3235,10.22,4.47,,,6/30/2016,A,,,,X
F20A.11_HV_S_A1,,F20,A1,dodg,F,HV,S,,4/11/2016,,,,4/21/2016,0.0336,,4/25/2016,0.0618,,5/2/2016,0.0925,missing right leg,,,,,,,,,,,,,5/6/2016,4,,,,X
F20A.12_HV_S_A1,GrP,F20,A1,dodg,M,HV,S,,4/11/2016,,,,,,,4/21/2016,0.0227,,4/26/2016,0.0367,,5/3/2016,0.0699,,,,,5/22/2016,0.2182,10.81,4.33,,,5/31/2016,A,,,,X
F20A.13_HV_S_A1,GrY,F20,A1,dodg,F,HV,S,,4/11/2016,,,,4/21/2016,0.0339,,4/25/2016,0.0412,,5/2/2016,0.1202,,5/9/2016,0.2081,"not adult, shift left",,,,5/19/2016,0.3855,12.28,5.12,,,7/3/2016,A,,NA,,X
F71.1_HV_S_C1,WR,F71,C1,dodg,F,HV,S,0 dead,4/11/2016,4/21/2016,0.0332,,4/24/2016,0.0425,,4/26/2016,0.0649,Shifted whole log from 5th to 4th due to rapid molt,4/29/2016,0.0718,,5/6/2016,0.2136,,,,,5/16/2016,0.3666,11.96,5.41,,,5/23/2016,A,,,,X
F71.2_HV_S_C1,WY,F71,C1,dodg,F,HV,S,,4/11/2016,,,,4/21/2016,0.0342,,4/23/2016,0.0496,,4/28/2016,0.0688,,5/5/2016,0.1384,,,,,,,,,,,5/12/2016,5,,,,X
F71.3_HV_S_C1,WB,F71,C1,dodg,M,HV,S,,4/11/2016,,,,4/21/2016,0.0292,,4/22/2016,0.028,,4/28/2016,0.0538,,5/6/2016,0.1163,,,,,5/16/2016,0.2078,10.13,4.27,,,6/24/2016,A,,,,X
F71.4_HV_S_C1,WO,F71,C1,dodg,M,HV,S,,4/11/2016,,,,4/21/2016,0.0272,,4/23/2016,0.0363,,4/29/2016,0.0711,,5/5/2016,0.1001,,,,,5/14/2016,0.1785,10.18,3.95,,,6/15/2016,A,,,,X
F38C.1_HV_S_B1,WR,F38,B1,dodg,M,HV,S,1 dead,4/11/2016,4/21/2016,0.0135,,4/22/2016,0.0135,,4/28/2016,0.0283,,5/5/2016,0.0709,,5/13/2016,0.1542,Shifted to left,,,,,,,,,,5/25/2016,5,,,,X
F38C.2_HV_S_B1,WY,F38,B1,dodg,F,HV,S,,4/11/2016,,,,4/21/2016,0.017,,4/26/2016,0.0355,,5/3/2016,0.085,,5/11/2016,0.1368,shifted because not adult,,,,5/20/2016,0.3295,12.55,5.37,,,6/27/2016,A,,NA,,X
F38C.3_HV_S_B1,WB,F38,B1,dodg,F,HV,S,,4/11/2016,,,,4/21/2016,0.0203,,4/26/2016,0.0356,,5/3/2016,0.1115,,5/10/2016,0.162,,,,,5/22/2016,0.4187,11.33,5.1,,,6/27/2016,A,,,,X
F38C.4_HV_S_B1,WO,F38,B1,dodg,M,HV,S,,4/11/2016,4/21/2016,0.0143,,4/22/2016,0.0196,,4/28/2016,0.0456,,5/3/2016,0.0622,not adult so shifted left,5/10/2016,0.119,,,,,5/26/2016,0.2724,9.81,4.6,"found as adult without a molt, likely adult on 5/10/2016 but recorded as 5th+, adult data corresponds to measurements taken 5/26/2016",Y,7/1/2016,A,,,,X
F42.1_HV_L_A1,WR,F42,A1,dodg,F,HV,L,0 dead,4/11/2016,,,,4/21/2016,0.0325,,4/23/2016,0.047,,4/29/2016,0.0697,,5/9/2016,0.1836,,,,,5/20/2016,0.4327,11.98,5.76,,,6/21/2016,A,,,,X
F42.2_HV_L_A1,WY,F42,A1,dodg,M,HV,L,,4/11/2016,,,,,,,4/21/2016,0.0306,,4/27/2016,0.0815,,5/3/2016,0.1199,,,,,5/14/2016,0.2118,11.29,4.44,,,6/25/2016,A,,,,X
F42.3_HV_L_A1,,F42,A1,dodg,,HV,L,,4/11/2016,,,,4/21/2016,0.0259,,4/24/2016,0.0413,,4/30/2016,0.0711,,,,,,,,,,,,,,5/9/2016,4,Could not find at cleaning,,,
F42.4_HV_L_A1,WO,F42,A1,dodg,M,HV,L,,4/11/2016,,,,4/21/2016,0.033,,4/22/2016,0.0373,,4/28/2016,0.0641,,5/5/2016,0.1256,,,,,5/16/2016,0.2342,11.14,4.67,,,6/27/2016,A,,,,X
F42.5_HV_L_A1,WG,F42,A1,dodg,F,HV,L,,4/11/2016,,,,4/21/2016,0.0349,,4/23/2016,0.0565,,4/29/2016,0.1098,,5/5/2016,0.1685,,,,,5/17/2016,0.3399,11.8,5.38,,,6/27/2016,A,,,,X
F42.6_HV_L_A1,WP,F42,A1,dodg,F,HV,L,,4/11/2016,,,,,,,4/21/2016,0.0346,,4/23/2016,0.0566,,4/29/2016,0.0818,,,,,5/17/2016,0.2967,10.65,5.13,,,6/27/2016,A,,,,X
F42.7_HV_L_A1,GrR,F42,A1,dodg,F,HV,L,,4/11/2016,4/21/2016,0.0294,,4/23/2016,0.033,,5/2/2016,0.0738,looks like a 4th so shifted left,5/6/2016,0.1555,,5/9/2016,0.1464,,,,,5/19/2016,0.4125,12.34,5.45,,Y,7/4/2016,A,,6,,X
F42.8_HV_L_A1,GrY,F42,A1,dodg,M,HV,L,,4/11/2016,,,,,,,4/21/2016,0.0328,,4/22/2016,0.0466,,5/5/2016,0.1593,,,,,5/14/2016,0.2188,10.14,3.71,,,6/3/2016,A,,,,X
F42.9_HV_L_A1,GrB,F42,A1,dodg,F,HV,L,,4/11/2016,4/21/2016,0.0309,,4/23/2016,0.0374,shifted to 3rd from 4th due to rapid molt,4/24/2016,0.0344,,5/3/2016,0.1047,,5/9/2016,0.1991,,,,,5/18/2016,0.3097,10.84,5.32,,,7/4/2016,A,,9,,X
F42.10_HV_L_A1,GrO,F42,A1,dodg,M,HV,L,,4/11/2016,,,,4/21/2016,0.0292,,4/23/2016,0.0487,,4/29/2016,0.0676,,5/9/2016,0.1432,,,,,5/20/2016,0.2036,10.12,3.88,,,6/13/2016,A,,,,X
F5.1_HV_L_A1,WR,F5,A1,dodg,M,HV,L,0 dead,4/10/2016,,,,4/21/2016,0.0355,,4/24/2016,0.0547,,4/30/2016,0.1042,,5/6/2016,0.134,,,,,5/16/2016,0.2455,11.57,4.62,,,5/19/2016,A,,,,X
F5.2_HV_L_A1,WY,F5,A1,dodg,M,HV,L,,4/10/2016,,,,4/21/2016,0.036,,4/22/2016,0.0566,,4/28/2016,0.1088,,5/5/2016,0.1869,,,,,5/14/2016,0.2279,11.15,4.17,,,6/10/2016,A,maybe one day earlier,,,X
F5.3_HV_L_A1,WB,F5,A1,dodg,F,HV,L,,4/10/2016,,,,,,,4/21/2016,0.0423,,4/29/2016,0.0931,,5/6/2016,0.2557,,,,,5/17/2016,0.4909,12.03,5.51,,,6/25/2016,A,,,,X
F38D.1_HV_L_B1,WR,F38,B1,dodg,F,HV,L,2 dead,4/11/2016,,,,,,,4/21/2016,0.0335,,4/25/2016,0.0577,,4/30/2016,0.1031,,,,,,,,,,,,5,death date unknown,,,X
F38D.2_HV_L_B1,WY,F38,B1,dodg,F,HV,L,,4/11/2016,,,,,,,4/21/2016,0.0344,,4/25/2016,0.0544,,5/2/2016,0.1332,,,,,5/21/2016,0.4358,12.48,5.4,,,6/28/2016,A,,,,X
F55.1_HV_L_B1,WR,F55,B1,dodg,M,HV,L,1 dead,4/11/2016,,,,4/21/2016,0.0335,,4/25/2016,0.0529,,4/30/2016,0.0963,,5/7/2016,0.1621,,,,,5/17/2016,0.246,10.27,4.47,,,6/10/2016,A,maybe one day earlier,,,X
F55.2_HV_L_B1,WY,F55,B1,dodg,F,HV,L,,4/11/2016,,,,,,,4/21/2016,0.0339,,4/25/2016,0.038,,5/2/2016,0.1059,,,,,5/19/2016,0.3904,11.48,5.41,,,,A,,NA,,X
F40.1_HV_L_B1,WR,F40,B1,dodg,M,HV,L,1 dead,4/10/2016,,,,4/21/2016,0.0329,,4/23/2016,0.0456,,4/29/2016,0.0666,,5/6/2016,0.1559,,,,,5/16/2016,0.2387,11.14,4.43,,,7/3/2016,A,,,,X
F40.2_HV_L_B1,WY,F40,B1,dodg,F,HV,L,,4/10/2016,4/21/2016,0.0296,,4/24/2016,0.0372,,4/30/2016,0.0874,,5/7/2016,0.1987,,5/14/2016,0.2092,,,,,5/19/2016,0.4162,12.05,5.36,,,6/24/2016,A,,,,X
F40.3_HV_L_B1,WB,F40,B1,dodg,M,HV,L,,4/10/2016,,,,4/21/2016,0.0298,,4/24/2016,0.0411,,4/30/2016,0.0661,,5/7/2016,0.1471,,,,,5/17/2016,0.2071,9.89,3.91,,,5/19/2016,A,,,,X
F40.4_HV_L_B1,,F40,B1,dodg,M,HV,L,,4/10/2016,,,,4/21/2016,0.0326,,4/22/2016,0.0363,,4/28/2016,0.0636,,5/5/2016,0.1569,,,,,,,,,,,5/11/2016,5,,,,X
F40.5_HV_L_B1,WG,F40,B1,dodg,M,HV,L,,4/10/2016,,,,4/21/2016,0.0298,,4/23/2016,0.0426,,4/29/2016,0.0736,,5/5/2016,0.1557,,,,,5/14/2016,0.2073,11.33,4.03,found as adult without molt,Y,7/4/2016,A,,,,X
F40.6_HV_L_B1,WP,F40,B1,dodg,F,HV,L,,4/10/2016,,,,4/21/2016,0.0344,,4/24/2016,0.0501,,4/30/2016,0.1102,,5/7/2016,0.2506,,,,,5/21/2016,0.4304,11.85,5.1,,,6/21/2016,A,,,,X
F40.7_HV_L_B1,,F40,B1,dodg,M,HV,L,,4/10/2016,,,,4/21/2016,0.0372,,4/24/2016,0.0511,,5/2/2016,0.1712,,5/7/2016,0.1722,,,,,,,,,,,5/12/2016,5,,,,X
F8A.1_LV_S_A1,WR,F8,A1,dodg,F,LV,S,2 dead,4/11/2016,,,,4/21/2016,0.0278,,4/25/2016,0.0376,,5/3/2016,0.1251,,5/11/2016,0.2332,,,,,5/23/2016,0.4115,12.02,5.15,,,7/4/2016,A,,6,,X
F8A.2_LV_S_A1,WY,F8,A1,dodg,M,LV,S,,4/11/2016,,,,4/21/2016,0.0246,,4/26/2016,0.0375,,5/3/2016,0.0922,,5/13/2016,0.1931,,,,,5/23/2016,0.2781,11.61,4.63,,,6/13/2016,A,,,,X
F8A.3_LV_S_A1,WB,F8,A1,dodg,F,LV,S,,4/11/2016,,,,4/21/2016,0.0278,,4/26/2016,0.0509,,5/3/2016,0.1128,,5/12/2016,0.2631,"probably not adult, wings don't look like adult wings, moved back",,,,5/24/2016,0.3611,12.13,5.1,,Y,7/4/2016,A,,9,,X
F8A.4_LV_S_A1,,F8,A1,dodg,M,LV,S,,4/11/2016,,,,4/21/2016,0.0205,,4/27/2016,0.0422,,,,,,,,,,,,,,,,,5/4/2016,3,,,,X
F8A.5_LV_S_A1,WG,F8,A1,dodg,F,LV,S,,4/11/2016,,,,4/21/2016,0.0323,,4/26/2016,0.0432,,5/3/2016,0.1292,,5/11/2016,0.2532,,,,,5/23/2016,0.3454,11.83,4.9,,,5/30/2016,A,,,,X
F8A.6_LV_S_A1,WP,F8,A1,dodg,M,LV,S,,4/11/2016,,,,4/21/2016,0.028,,4/27/2016,0.0518,,5/4/2016,0.0765,,5/13/2016,0.1861,,,,,5/26/2016,0.2358,10.73,4.53,,Y,7/4/2016,A,,,,X
F8A.7_LV_S_A1,GrR,F8,A1,dodg,M,LV,S,,4/11/2016,,,,4/21/2016,0.0272,,4/26/2016,0.0363,,5/5/2016,0.0873,,5/13/2016,0.2001,,,,,5/28/2016,0.2885,10.61,4.56,,Y,7/4/2016,A,,,,X
F8A.8_LV_S_A1,GrY,F8,A1,dodg,M,LV,S,,4/11/2016,,,,4/21/2016,0.0318,,4/25/2016,0.0389,,5/3/2016,0.0985,,5/13/2016,0.173,,,,,,,,,,,5/16/2016,5,,,,X
F8A.9_LV_S_A1,GrB,F8,A1,dodg,F,LV,S,,4/11/2016,,,,4/21/2016,0.0169,,4/28/2016,0.0599,,5/5/2016,0.0996,,5/12/2016,0.2029,,,,,5/24/2016,0.4777,12.79,5.6,,,,A,unknown death date,,,X
F8A.10_LV_S_A1,GrO,F8,A1,dodg,M,LV,S,,4/11/2016,,,,4/21/2016,0.0287,,4/26/2016,0.0431,,5/2/2016,0.0808,,5/10/2016,0.141,,,,,5/21/2016,0.2449,10.73,4.51,,,6/3/2016,A,,,,X
F8A.11_LV_S_A1,GrG,F8,A1,dodg,F,LV,S,,4/11/2016,,,,4/21/2016,0.0289,,4/26/2016,0.0508,,5/3/2016,0.1159,,5/10/2016,0.1652,,,,,5/21/2016,0.3201,11.91,5.46,,,6/29/2016,A,,,,X
F25A.1_LV_S_A1,WR,F25,A1,dodg,F,LV,S,4 dead,4/11/2016,,,,4/21/2016,0.0281,,4/28/2016,0.0639,,5/5/2016,0.1362,,5/12/2016,0.2004,"does not look like adult, shifted back",,,,5/24/2016,0.355,12.52,5.32,,,5/31/2016,A,,,,X
F25A.2_LV_S_A1,WY,F25,A1,dodg,F,LV,S,,4/11/2016,4/21/2016,0.0614,,4/22/2016,0.016,,4/30/2016,0.0581,,5/9/2016,0.0796,,5/17/2016,0.2183,shift left,,,,5/30/2016,0.3414,11.53,5.42,,Y,7/4/2016,A,,9,,X
F2A.1_LV_S_A1,,F2,A1,dodg,M,LV,S,0 dead,4/13/2016,,,,4/22/2016,0.0315,,4/26/2016,0.0381,,5/4/2016,0.0701,,,,,,,,,,,,,,5/6/2016,4,,,,X
F6.1_LV_S_B1,,F6,B1,dodg,,LV,S,3 dead,4/11/2016,4/22/2016,0.0109,,4/26/2016,0.0123,,5/3/2016,0.0294,,,,,,,,,,,,,,,,,5/6/2016,3,,,,X
F6.2_LV_S_B1,,F6,B1,dodg,,LV,S,,4/11/2016,,,,4/22/2016,0.0164,,4/29/2016,0.0345,,,,,,,,,,,,,,,,,5/2/2016,3,,,,X
F11.1_LV_S_A1,WR,F11,A1,dodg,M,LV,S,2 dead,4/11/2016,,,,4/22/2016,0.0127,,4/26/2016,0.0224,,5/2/2016,0.0478,,5/9/2016,0.0614,,,,,,,,,,,5/30/2016,5,,,,X
F63.1_LV_S_B1,WR,F63,B1,dodg,M,LV,S,1 dead,4/11/2016,,,,4/22/2016,0.0234,,4/29/2016,0.0476,,5/5/2016,0.0605,,5/13/2016,0.1535,,,,,5/25/2016,0.2314,9.85,4.38,,,6/13/2016,A,,,,X
F63.2_LV_S_B1,WY,F63,B1,dodg,F,LV,S,,4/11/2016,,,,4/22/2016,0.0283,,4/26/2016,0.0381,,5/3/2016,0.0764,,5/13/2016,0.2095,,,,,5/23/2016,0.3384,11.75,5.15,,,5/31/2016,A,,,,X
F63.3_LV_S_B1,WB,F63,B1,dodg,F,LV,S,,4/11/2016,,,,4/22/2016,0.0226,,4/28/2016,0.0609,,5/3/2016,0.106,,5/11/2016,0.2004,,,,,5/23/2016,0.3685,11.26,4.34,,,5/31/2016,A,,,,X
F63.4_LV_S_B1,WO,F63,B1,dodg,M,LV,S,,4/11/2016,4/22/2016,0.0253,,4/26/2016,0.0391,,5/3/2016,0.0735,,5/10/2016,0.164,,5/10/2016,0.1643,,,,,5/20/2016,0.2189,,,,,6/24/2016,A,,,,X
F63.5_LV_S_B1,WG,F63,B1,dodg,F,LV,S,,4/11/2016,,,,4/22/2016,0.0154,broken leg,4/29/2016,0.0245,,5/6/2016,0.0636,,5/14/2016,0.2051,,,,,5/24/2016,0.3109,11.74,5.22,,,6/25/2016,A,,NA,,X
F77B.1_HV_L_C1,WR,F77,C1,dodg,F,HV,L,,4/10/2016,,,,,,,4/22/2016,0.0677,,4/27/2016,0.1204,,5/3/2016,0.2365,,,,,5/16/2016,0.5431,11.45,5.97,pronotum is wildly shaped,,6/1/2016,A,,,,X
F77B.2_HV_L_C1,WY,F77,C1,dodg,F,HV,L,,4/10/2016,,,,4/22/2016,0.0411,,4/23/2016,0.0603,,4/29/2016,0.0776,,5/9/2016,0.1955,,,,,5/21/2016,0.343,10.63,5.16,,,6/10/2016,A,maybe one day earlier,,,X
F77B.3_HV_L_C1,WB,F77,C1,dodg,F,HV,L,,4/10/2016,,,,4/22/2016,0.0451,,4/24/2016,0.0587,,4/30/2016,0.1017,,5/7/2016,0.176,,,,,5/20/2016,0.3972,10.46,5.02,,,6/18/2016,A,,,,X
FB1.1_HV_L_C1,WR,FB1,C1,dodg,F,HV,L,1 dead,4/10/2016,,,,,,,4/22/2016,0.0262,,4/28/2016,0.0685,,5/5/2016,0.1414,,,,,5/14/2016,0.2147,9.77,3.98,,,5/23/2016,A,,,,X
F26.21_HV_L_A1,WR,F26,A1,dodg,,HV,L,"couldn't find ID in the sheet, is it maybe F26.1 or F26.2???? putting it here for now as 4th",4/10/2016,,,,,,,4/24/2016,0.0347,,5/9/2016,0.1362,,,,,,,,,,,,,,,,Could not find at cleaning,,,
F43.1_LV_S_A1,WR,F43,A1,dodg,M,LV,S,2 dead,4/11/2016,,,,4/24/2016,0.0208,,4/30/2016,0.0393,,5/9/2016,0.0951,,5/16/2016,0.1596,,,,,5/26/2016,0.2479,9.35,4.02,,,6/13/2016,A,,,,X
F43.2_LV_S_A1,WY,F43,A1,dodg,F,LV,S,,4/11/2016,4/24/2016,0.0283,,4/28/2016,0.0339,,4/29/2016,0.0523,,5/6/2016,0.0906,,5/14/2016,0.1747,,,,,5/26/2016,0.2466,10.85,4.76,,,7/3/2016,A,,,,X
F43.3_LV_S_A1,WB,F43,A1,dodg,M,LV,S,,4/11/2016,,,,4/24/2016,0.0165,,4/30/2016,0.0351,,5/9/2016,0.0751,,5/18/2016,0.1944,,,,,5/28/2016,0.2944,10.67,4.46,,,6/30/2016,A,,,,X
F49.1_HV_L_A1,WR,F49,A1,dodg,F,HV,L,1 dead,4/11/2016,,,,,,,4/24/2016,0.0495,,4/29/2016,0.0741,,5/6/2016,0.1949,,,,,5/17/2016,0.345,11.96,5.28,,,6/25/2016,A,,NA,,X
F49.2_HV_L_A1,WY,F49,A1,dodg,M,HV,L,,4/11/2016,,,,,,,4/24/2016,0.0464,,5/2/2016,0.1055,,5/6/2016,0.1251,,,,,5/16/2016,0.2328,10.42,4.45,,,6/21/2016,A,,,,X
F49.3_HV_L_A1,WB,F49,A1,dodg,F,HV,L,,4/11/2016,,,,,,,,,,4/24/2016,0.0499,,4/30/2016,0.1065,Shifted right because 5th was missing,,,,5/16/2016,0.3675,12.72,5.64,label looks like F49.B,,6/25/2016,A,,,,X
F49.4_HV_L_A1,WO,F49,A1,dodg,M,HV,L,,4/11/2016,,,,,,,4/24/2016,0.0458,,4/29/2016,0.0602,,5/6/2016,0.1341,,,,,5/16/2016,0.2034,10.39,4.35,"it should be an adult at 5/16/2016,put it into cummunal box",Y,7/1/2016,A,,,,X
F49.5_HV_L_A1,WG,F49,A1,dodg,M,HV,L,,4/11/2016,,,,,,,4/24/2016,0.0438,,4/29/2016,0.0786,,5/6/2016,0.01312,,,,,5/17/2016,0.2275,9.61,4.41,,,6/24/2016,A,,,,X
F49.6_HV_L_A1,WP,F49,A1,dodg,F,HV,L,,4/11/2016,,,,,,,4/24/2016,0.0465,,4/30/2016,0.0801,,5/9/2016,0.2103,,,,,5/19/2016,0.4264,12.29,5.61,,,6/27/2016,A,,,,X
F20.1_HV_L_A1,WR,F20,A1,dodg,M,HV,L,8 dead,4/11/2016,,,,,,,4/24/2016,0.0471,,4/25/2016,0.0591,,5/2/2016,0.1272,,,,,5/18/2016,0.2223,11.31,4.82,lose right leg,,6/8/2016,A,,,,X
F62.1_LV_L_B1,WR,F62,B1,dodg,M,LV,L,0 dead,4/13/2016,,,,4/26/2016,0.0256,,5/4/2016,0.058,,5/9/2016,0.0951,,5/17/2016,0.1181,,,,,,,,,,,6/10/2016,5,maybe one day earlier,,,X
F62.2_LV_L_B1,WY,F62,B1,dodg,F,LV,L,,4/13/2016,,,,,,,4/26/2016,0.0361,,4/29/2016,0.0568,,5/7/2016,0.1203,,,,,5/14/2016,0.1587,12.5,4.84,,,6/10/2016,A,maybe one day earlier,,,X
F62.3_LV_L_B1,WB,F62,B1,dodg,M,LV,L,,4/13/2016,,,,4/26/2016,0.0276,,4/30/2016,0.0358,,5/9/2016,0.0879,,5/17/2016,0.1451,,,,,5/28/2016,0.232,10.44,4.36,,Y,7/1/2016,A,,,,X
F38B.1_LV_L_B1,WR,F38,B1,dodg,F,LV,L,0 dead,4/12/2016,,,,,,,4/26/2016,0.0312,,5/9/2016,0.1049,,5/16/2016,0.1644,,,,,5/28/2016,0.36,11.64,5.14,,Y,7/4/2016,A,,7,,X
F38B.2_LV_L_B1,WY,F38,B1,dodg,F,LV,L,,4/12/2016,,,,4/26/2016,0.0296,,4/30/2016,0.0513,,5/9/2016,0.0986,,5/17/2016,0.1637,,,,,5/31/2016,0.3838,10.99,5.17,,Y,7/4/2016,A,,7,,X
F38B.3_LV_L_B1,,F38,B1,dodg,,LV,L,,4/12/2016,,,,4/26/2016,0.0358,,4/29/2016,0.0461,,,,,,,,,,,,,,,,,5/2/2016,3,,,,X
F32B.1_HV_S_B1,WO,F32,B1,dodg,F,HV,S,0 dead,4/13/2016,,,,4/26/2016,0.0402,,4/28/2016,0.0611,,5/3/2016,0.0779,,5/10/2016,0.1699,,,,,5/19/2016,0.409,9.78,4.92,,,5/23/2016,A,,,,X
F32B.2_HV_S_B1,WG,F32,B1,dodg,M,HV,S,,4/13/2016,,,,,,,4/26/2016,0.0323,,5/3/2016,0.0902,,5/9/2016,0.124,,,,,5/19/2016,0.2402,11.13,4.46,,,6/13/2016,A,,,,X
F21.1_HV_L_A1,WR,F21,A1,dodg,M,HV,L,0 dead,4/11/2016,,,,,,,4/26/2016,0.0499,1 hindlimb (left),4/30/2016,0.0685,,5/7/2016,0.1445,missing right leg,,,,5/16/2016,0.1988,11.22,4.39,,,6/24/2016,A,,,,X
F21.2_HV_L_A1,WY,F21,A1,dodg,M,HV,L,,4/11/2016,,,,,,,4/26/2016,0.0452,,5/2/2016,0.0818,,5/9/2016,0.1581,,,,,5/17/2016,0.2067,9.58,4.71,,,6/21/2016,A,,,,X
F12.1_LV_L_A1,,F12,A1,dodg,F,LV,L,2 dead,4/11/2016,,,,4/26/2016,0.0236,,5/7/2016,0.0384,,,,,,,,,,,,,,,,,5/11/2016,3,,,,X
F29.1_HV_L_A1,WR,F29,A1,dodg,M,HV,L,0 dead,4/11/2016,,,,,,,4/27/2016,0.0359,,5/3/2016,0.055,,5/11/2016,0.1109,,,,,5/23/2016,0.2327,10.05,4.56,,Y,7/4/2016,A,,,,X
F58.1_HV_S_C1,WR,F58,C1,dodg,M,HV,S,0 dead,4/16/2016,,,,,,,4/28/2016,0.0406,,5/4/2016,0.0701,,5/19/2016,0.1977,,,,,,0.2714,10.33,4.59,Found as adult on 6/13/2016 without a molt,,6/25/2016,A,could not find for cleaning,,,
F56.1_LV_L_A1,WR,F56,A1,dodg,M,LV,L,0 dead,4/13/2016,,,,4/28/2016,0.0251,,5/3/2016,0.0302,,5/12/2016,0.087,,6/3/2016,0.2062,,,,,6/6/2016,0.191,9.9,4.15,"missing left leg, measured right",,6/8/2016,A,,,,X
F56.2_LV_L_A1,WY,F56,A1,dodg,F,LV,L,,4/13/2016,,,,4/28/2016,0.0306,,4/30/2016,0.0368,,5/9/2016,0.0683,,5/19/2016,0.1889,,,,,5/31/2016,0.2777,12.1,4.67,,,7/1/2016,A,,6,,X
FUN7.1_HV_L_B1,WR,FUN7,B1,pell,F,HV,L,4 dead,4/17/2016,,,,,,,5/2/2016,0.0479,possibly 4th instar,5/16/2016,0.1257,,,,,,,,5/30/2016,0.2384,11.16,3.61,,Y,6/28/2016,A,,,,
FUN7.2_HV_L_B1,WY,FUN7,B1,pell,,HV,L,,4/17/2016,,,,,,,5/2/2016,0.0307,possibly 4th instar,5/9/2016,0.0679,,5/16/2016,0.0938,,,,,,,,,,,,,,,,
FUN7.3_HV_L_B1,WB,FUN7,B1,pell,,HV,L,,4/17/2016,,,,,,,5/2/2016,0.0381,,5/5/2016,0.0458,,,,,,,,,,,,,,5/11/2016,,,,,
FUN7.4_HV_L_B1,WO,FUN7,B1,pell,F,HV,L,,4/17/2016,,,,,,,5/2/2016,0.0499,possibly 4th instar,5/9/2016,0.0735,,5/17/2016,0.1506,,,,,5/30/2016,0.3473,12.96,4.38,0.2695,Y,6/28/2016,A,,,,
FUN7.5_HV_L_B1,WG,FUN7,B1,pell,F,HV,L,,4/17/2016,,,,,,,5/2/2016,0.0331,,5/4/2016,0.0466,,5/11/2016,0.0829,,5/19/2016,0.1575,,5/30/2016,0.2696,13.2,3.97,,Y,6/28/2016,A,,,,
FUN7.6_HV_L_B1,WP,FUN7,B1,pell,,HV,L,,4/17/2016,,,,,,,5/2/2016,0.0124,possibly 2nd instar,5/6/2016,0.0153,,5/16/2016,0.0203,,5/24/2016,0.0782,,,,,,,,6/18/2016,,,,,
FUN7.7_HV_L_B1,GrR,FUN7,B1,pell,F,HV,L,,4/17/2016,,,,,,,5/2/2016,0.0444,possibly 4th instar,5/9/2016,0.0889,,5/16/2016,0.1387,,,,,5/27/2016,0.2708,13.09,4.57,,Y,6/28/2016,A,,,,
FUN7.8_HV_L_B1,GrY,FUN7,B1,pell,F,HV,L,,4/17/2016,,,,,,,5/2/2016,0.0239,possibly 4th instar,5/9/2016,0.0407,,5/17/2016,0.1084,lost left leg,,,,,,,,,,5/26/2016,,,,,
FUN10.1_HV_L_B1,WR,FUN10,B1,pell,F,HV,L,0 dead,4/17/2016,,,,,,,5/2/2016,0.0246,possibly 4th instar,5/9/2016,0.0571,,,,,,,,5/30/2016,0.2634,12.13,5.44,,,6/17/2016,A,,,,
FUN10.2_HV_L_B1,WY,FUN10,B1,pell,F,HV,L,,4/17/2016,,,,,,,5/2/2016,0.0212,,5/3/2016,0.0214,,5/12/2016,0.0731,,,,,7-Jun,0.2533,11.39,4.52,,Y,6/28/2016,A,,,,
FUN10.3_HV_L_B1,WB,FUN10,B1,pell,F,HV,L,,4/17/2016,,,,,,,5/2/2016,0.0236,,5/5/2016,0.0334,,5/13/2016,0.0783,,5/21/2016,0.1697,,5/31/2016,0.2595,12.74,4.97,,,6/16/2016,A,euthanized to practice dissection,,,
FUN10.4_HV_L_B1,WO,FUN10,B1,pell,F,HV,L,,4/17/2016,,,,,,,5/2/2016,0.0229,possibly 4th instar,5/4/2016,0.0254,,5/17/2016,0.0651,,5/30/2016,0.1091,,6/13/2016,0.2534,11.05,4.36,,,6/14/2016,A,,,,
FUN10.5_HV_L_B1,WG,FUN10,B1,pell,M,HV,L,,4/17/2016,,,,,,,5/2/2016,0.0204,possibly 4th instar,5/9/2016,0.0454,,,,,,,,5/30/2016,0.1628,10.47,4.27,,Y,6/28/2016,A,,,,
FUN10.6_HV_L_B1,WP,FUN10,B1,pell,M,HV,L,,4/17/2016,,,,,,,5/2/2016,0.0175,possibly 4th instar,5/11/2016,0.0601,,5/19/2016,0.1175,,,,,5/28/2016,0.1675,10.34,4.23,,Y,6/28/2016,A,,,,
FUN10.7_HV_L_B1,GrR,FUN10,B1,pell,F,HV,L,,4/17/2016,,,,,,,5/2/2016,0.0224,,5/11/2016,0.059,,5/19/2016,0.1442,,,,,5/30/2016,0.2666,10.16,4.4,,,6/28/2016,A,,,,
FUN8.1_HV_L_B1,WR,FUN8,B1,pell,F,HV,L,1 dead; egg pod and communal container labels do not match.  I went with egg pod label.  Communal label was FG_HV_L_pell_C1,,,,,,,,5/2/2016,0.0254,possibly 4th instar,,,,,,,,,,5/26/2016,0.1953,10.92,3.52,missing an instar but looks adult (big wings) so measured but kept in single container to watch for another molt in case,Y,6/28/2016,A,,,,
FUN8.2_HV_L_B1,WY,FUN8,B1,pell,F,HV,L,,,,,,,,,5/2/2016,0.0279,,5/4/2016,0.039,,5/11/2016,0.0849,,,,,5/31/2016,0.2568,12.39,4.64,,Y,6/28/2016,A,,,,
FUN8.3_HV_L_B1,WB,FUN8,B1,pell,F,HV,L,,,,,,,,,5/2/2016,0.0225,,5/5/2016,0.0289,,5/12/2016,0.063,,5/20/2016,0.1507,,5/31/2016,0.2675,13.19,4.5,,Y,6/28/2016,A,,,,
FUN8.4_HV_L_B1,WO,FUN8,B1,pell,F,HV,L,,,,,,,,,5/2/2016,0.0237,,5/3/2016,0.0293,,,,,,,,6/5/2016,0.1955,11.55,4.43,,Y,6/28/2016,A,,,,
FUN8.5_HV_L_B1,WG,FUN8,B1,pell,M,HV,L,,,,,,,,,5/2/2016,0.0284,possibly 4th instar,5/9/2016,0.0518,,,,,,,,5/27/2016,0.2171,10.59,3.84,,Y,6/28/2016,A,,,,
FUN8.6_HV_L_B1,WP,FUN8,B1,pell,F,HV,L,,,,,,,,,5/2/2016,0.0261,,5/4/2016,0.0223,,5/12/2016,0.0386,,5/23/2016,0.1327,,6/3/2016,0.1976,11.64,3.56,,Y,6/28/2016,A,,,,
FUN8.7_HV_L_B1,GrR,FUN8,B1,pell,F,HV,L,,,,,,,,,5/2/2016,0.0258,,5/5/2016,0.0255,,5/12/2016,0.0593,,5/23/2016,0.1643,,6/3/2016,0.2694,11.67,4.79,,Y,6/28/2016,A,,,,
FUN8.8_HV_L_B1,GrY,FUN8,B1,pell,F,HV,L,,,,,,,,,5/2/2016,0.0259,,5/3/2016,0.0265,,5/12/2016,0.0786,,5/20/2016,0.1282,,5/30/2016,0.2536,11.97,4.2,,Y,6/28/2016,A,,,,
FUN8.9_HV_L_B1,GrB,FUN8,B1,pell,M,HV,L,,,,,,,,,5/2/2016,0.0226,possibly 4th instar,5/3/2016,0.0324,,5/11/2016,0.0553,,,,,5/30/2016,0.1501,9.96,3.42,,Y,6/28/2016,A,,,,
FUN8.10_HV_L_B1,GrO,FUN8,B1,pell,F,HV,L,,,,,,,,,5/2/2016,0.0255,,5/3/2016,0.0339,,5/12/2016,0.0567,,,,,6/5/2016,0.1576,11.82,4.6,,,6/5/2016,A,,,,
F70.1_HV_L_C1,WR,F70,C1,dodg,F,HV,L,1 dead,4/11/2016,,,,,,,5/2/2016,0.0288,,,,,,,,,,,,,,,,,,,,,,X
F44.1_LV_L_A1,WR,F44,A1,dodg,F,LV,L,0 dead,4/11/2016,,,,,,,5/2/2016,0.0454,,5/9/2016,0.1018,,5/18/2016,0.2187,,,,,5/30/2016,0.387,12.32,5.64,,Y,7/30/2016,A,,11,,X
F44.2_LV_L_A1,WY,F44,A1,dodg,M,LV,L,,4/11/2016,,,,,,,5/2/2016,0.0377,,5/9/2016,0.0617,,5/18/2016,0.1474,,,,,5/30/2016,0.2083,9.88,4.23,,,7/1/2016,A,,,,X
F32A.1_LV_L_B1,WR,F32,B1,dodg,M,LV,L,0 dead,4/14/2016,,,,5/2/2016,0.0289,,5/5/2016,0.0378,,5/13/2016,0.0564,,5/24/2016,0.1026,"not adult, shifted back to assumed transfer at 2nd instar",,,,6/10/2016,0.2523,10.8,4.69,right leg missing,,6/24/2016,A,,,,X
F64.1_LV_L_C1,WR,F64,C1,dodg,F,LV,L,0 dead,4/11/2016,,,,,,,5/2/2016,0.0255,L hindlimb missing,5/9/2016,0.0546,,5/17/2016,0.1016,,,,,5/28/2016,0.2281,10.58,4.86,,Y,7/4/2016,A,,9,,X
FUN12.1_HV_S_C1,WR,FUN12,C1,pell,,HV,S,1 dead,4/17/2016,,,,5/2/2016,0.0107,,5/9/2016,0.0162,"not 4th, shifted left",,,,,,,,,,,,,,,,5/26/2016,,,,,
FUN12.2_HV_S_C1,WY,FUN12,C1,pell,,HV,S,,4/17/2016,,,,,,,5/2/2016,0.0071,possibly 2nd instar,5/4/2016,0.0051,,,,,,,,,,,,,,5/11/2016,,,,,
FUN12.3_HV_S_C1,WB,FUN12,C1,pell,,HV,S,,4/17/2016,,,,,,,5/2/2016,0.0146,,5/16/2016,0.0792,,,,,,,,,,,,,,5/27/2016,,,,,
FE.1_HV_S_C1,,FE,C1,pell,,HV,S,3 dead,4/16/2016,,,,,,,5/3/2016,0.0142,possibly 2nd instar,,,,,,,,,,,,,,,,5/10/2016,,,,,
FE.2_HV_S_C1,WR,FE,C1,pell,F,HV,S,,4/16/2016,,,,,,,5/3/2016,0.0197,,5/4/2016,0.0268,,5/12/2016,0.0438,,5/22/2016,0.1339,,5/31/2016,0.2044,10.4,3.91,,Y,6/28/2016,A,,,,
FE.3_HV_S_C1,WY,FE,C1,pell,,HV,S,,4/16/2016,,,,,,,5/3/2016,0.0166,,,,,,,,,,,,,,,,,5/26/2016,,,,,
FE.4_HV_S_C1,WB,FE,C1,pell,F,HV,S,,4/16/2016,,,,,,,5/3/2016,0.0204,,5/6/2016,0.0216,,5/22/2016,0.0886,,,,,5/31/2016,0.1492,8.57,2.8,,Y,6/28/2016,A,,,,
FE.5_HV_S_C1,WO,FE,C1,pell,M,HV,S,,4/16/2016,,,,,,,5/3/2016,0.0226,possibly 4th instar,5/11/2016,0.0423,,5/19/2016,0.0879,,,,,5/30/2016,0.1565,10.05,3.36,,Y,6/28/2016,A,,,,
FE.6_HV_S_C1,WG,FE,C1,pell,,HV,S,,4/16/2016,,,,,,,5/3/2016,0.0185,,5/7/2016,0.0213,,5/12/2016,0.0461,,,,,,,,,,,525/2016,,,,,
FE.7_HV_S_C1,WP,FE,C1,pell,M,HV,S,,4/16/2016,,,,,,,5/3/2016,0.0218,,5/10/2016,0.0386,,5/18/2016,0.0741,,,,,5/28/2016,0.1391,9.14,3.63,,Y,6/28/2016,A,,,,
FE.8_HV_S_C1,GrR,FE,C1,pell,M,HV,S,,4/16/2016,,,,,,,5/3/2016,0.0188,possibly 4th instar,5/10/2016,0.0414,,5/19/2016,0.0953,,,,,5/30/2016,0.1428,9.74,3.6,,Y,6/28/2016,A,,,,
FE.9_HV_S_C1,GrY,FE,C1,pell,,HV,S,,4/16/2016,,,,,,,5/3/2016,0.0191,,5/6/2016,0.024,,,,,,,,,,,,,,5/16/2016,,,,,
FE.10_HV_S_C1,,FE,C1,pell,,HV,S,,4/16/2016,,,,,,,5/3/2016,0.0243,molting to 4th instar,,,,,,,,,,,,,,,,5/11/2016,,,,,
FUN6.1_HV_S_B1,WR,FUN6,B1,pell,,HV,S,0 dead,4/17/2016,,,,,,,5/3/2016,0.0221,its having difficulty righting,,,,,,,,,,,,,,,,5/5/2016,,,,,
FUN6.2_HV_S_B1,WY,FUN6,B1,pell,F,HV,S,,4/17/2016,,,,,,,5/3/2016,0.0296,possibly 4th instar,5/10/2016,0.062,,5/19/2016,0.1738,,,,,5/31/2016,0.3052,12.28,4.07,,,6/10/2016,A,maybe one day earlier,,,
FUN6.3_HV_S_B1,,FUN6,B1,pell,,HV,S,,4/17/2016,,,,,,,5/3/2016,0.0148,,,,,,,,,,,,,,,,,5/7/2016,,,,,
FUN6.4_HV_S_B1,,FUN6,B1,pell,,HV,S,,4/17/2016,,,,,,,5/3/2016,0.0214,possibly 4th instar,,,,,,,,,,,,,,,,5/7/2016,,,,,
FUN6.5_HV_S_B1,WG,FUN6,B1,pell,M,HV,S,,4/17/2016,,,,,,,5/3/2016,0.0203,possibly 4th instar,5/11/2016,0.0426,,5/19/2016,0.0798,,,,,5/31/2016,0.1423,9.68,3.12,,,6/20/2016,A,,,,
FUN6.6_HV_S_B1,WP,FUN6,B1,pell,F,HV,S,,4/17/2016,,,,,,,5/3/2016,0.0266,,5/22/2016,0.1584,,,,,,,,6/3/2016,0.2967,12.55,4.81,,,6/17/2016,A,,,,
FUN6.7_HV_S_B1,GrR,FUN6,B1,pell,M,HV,S,,4/17/2016,,,,,,,5/3/2016,0.0223,possibly 4th,5/20/2016,0.0887,possibly 5th,,,,,,,6/3/2016,0.1465,9.71,3.85,,,6/20/2016,A,,,,
FUN6.8_HV_S_B1,GrY,FUN6,B1,pell,F,HV,S,,4/17/2016,,,,,,,5/3/2016,0.028,,5/4/2016,0.0286,,5/22/2016,0.1808,,,,,6/2/2016,0.2527,11.17,4.72,,,6/16/2016,A,euthanized to practice dissection,,,
FUN5.1_HV_S_B1,WR,FUN5,B1,pell,,HV,S,3 dead,4/18/2016,,,,,,,5/3/2016,0.0194,,5/5/2016,0.0241,,5/11/2016,0.0395,,5/20/2016,0.1167,,,,,,,,5/30/2016,,,,,
FUN5.2_HV_S_B1,WY,FUN5,B1,pell,M,HV,S,,4/18/2016,,,,,,,5/3/2016,0.014,,5/7/2016,0.0175,right hindlimb missing,5/22/2016,0.0728,,,,,6/3/2016,0.1789,10.42,3.57,,Y,6/28/2016,A,,,,
FUN5.3_HV_S_B1,,FUN5,B1,pell,,HV,S,,4/18/2016,,,,,,,5/3/2016,0.0233,possibly 4th instar,,,,,,,,,,,,,,,,5/6/2016,,,,,
FUN5.4_HV_S_B1,WO,FUN5,B1,pell,M,HV,S,,4/18/2016,,,,,,,5/3/2016,0.0167,,5/4/2016,0.0164,,5/11/2016,0.0367,,,,,5/31/2016,0.1582,10.03,3.53,,Y,6/28/2016,A,,,,
FUN5.5_HV_S_B1,,FUN5,B1,pell,,HV,S,,4/18/2016,,,,,,,5/3/2016,0.0084,,,,,,,,,,,,,,,,,5/9/2016,,,,,
FUN3.1_LV_L_B1,WR,FUN3,B1,pell,,HV,S,0 dead,4/19/2016,,,,,,,5/3/2016,0.0124,possibly 4th,5/17/2016,0.0365,,,,,,,,,,,,,,6/6/2016,,,,,
FUN3.2_LV_L_B1,WY,FUN3,B1,pell,,HV,S,,4/19/2016,,,,,,,5/3/2016,0.0116,possibly 4th,5/12/2016,0.0215,,,,,,,,,,,,,,5/14/2016,,,,,
FUN3.3_LV_L_B1,WB,FUN3,B1,pell,,HV,S,,4/19/2016,,,,,,,5/3/2016,0.0124,possibly 4th,5/11/2016,0.024,,,,,,,,,,,,,,5/22/2016,,,,,
FUN3.4_LV_L_B1,WO,FUN3,B1,pell,,HV,S,,4/19/2016,,,,,,,5/3/2016,0.015,possibly 4th,,,,,,,,,,,,,,,,5/22/2016,,,,,
FUN3.5_LV_L_B1,WG,FUN3,B1,pell,,HV,S,,4/19/2016,,,,,,,5/3/2016,0.0095,possibly 2nd,5/13/2016,0.0199,,5/27/2016,0.0471,,6/13/2016,0.1112,,,,,,,,7/1/2016,,,,,
FUN3.6_LV_L_B1,WP,FUN3,B1,pell,,HV,S,,4/19/2016,,,,,,,5/3/2016,0.0118,,5/17/2016,0.0255,,,,,,,,,,,,,,5/22/2016,,,,,
FUN3.7_LV_L_B1,GrR,FUN3,B1,pell,,HV,S,,4/19/2016,,,,,,,5/3/2016,0.021,possibly 4th,5/11/2016,0.0289,,5/23/2016,0.0679,,6-Jun,0.1238,,,,,,,,6/20/2016,,,,,
FUN3.8_LV_L_B1,GrY,FUN3,B1,pell,,HV,S,,4/19/2016,,,,,,,5/3/2016,0.0114,possibly 4th,5/13/2016,0.0315,,5/23/2016,0.043,,,,,,,,,,,6/10/2016,,maybe one day earlier,,,
FUN3.9_LV_L_B1,GrB,FUN3,B1,pell,,HV,S,,4/19/2016,,,,,,,5/3/2016,0.0121,,5/12/2016,0.0183,,5/24/2016,0.0378,,6-Jun,0.101,,,,,,,,6/29/2016,,,,,
FUN3.10_LV_L_B1,GrO,FUN3,B1,pell,,HV,S,,4/19/2016,,,,,,,5/3/2016,0.0154,,5/12/2016,0.0363,,5/24/2016,0.0442,,,,,,,,,,,6/18/2016,,,,,
F11.1_LV_L_C1,WR,F11,C1,pell,,LV,L,10 dead,4/18/2016,,,,5/3/2016,0.0102,,,,,,,,,,,,,,,,,,,,5/14/2016,,,,,
F11.2_LV_L_C1,,F11,C1,pell,,LV,L,,4/18/2016,,,,5/3/2016,0.0078,,,,,,,,,,,,,,,,,,,,5/6/2016,,,,,
F11.3_LV_L_C1,,F11,C1,pell,,LV,L,,4/18/2016,,,,5/3/2016,0.0108,,,,,,,,,,,,,,,,,,,,5/7/2016,,,,,
F11.4_LV_L_C1,WY,F11,C1,pell,,LV,L,,4/18/2016,,,,5/3/2016,0.0076,,5/16/2016,0.0228,,,,,,,,,,,,,,,,,5/28/2016,,,,,
F11.5_LV_L_C1,,F11,C1,pell,,LV,L,,4/18/2016,,,,5/3/2016,0.0079,,,,,,,,,,,,,,,,,,,,5/5/2016,,,,,
F11.6_LV_L_C1,WB,F11,C1,pell,,LV,L,,4/18/2016,,,,5/3/2016,0.009,,,,,,,,,,,,,,,,,,,,5/20/2016,,6/10/2016,maybe one day earlier,,
F11.7_LV_L_C1,,F11,C1,pell,,LV,L,,4/18/2016,,,,5/3/2016,0.009,,,,,,,,,,,,,,,,,,,,5/9/2016,,,,,
F11.8_LV_L_C1,WO,F11,C1,pell,,LV,L,,4/18/2016,,,,5/3/2016,0.0077,,,,,,,,,,,,,,,,,,,,5/11/2016,,,,,
F11.9_LV_L_C1,WG,F11,C1,pell,,LV,L,,4/18/2016,,,,5/3/2016,0.009,,,,,,,,,,,,,,,,,,,,5/5/2016,,,,,
F11.10_LV_L_C1,WP,F11,C1,pell,,LV,L,,4/18/2016,,,,5/3/2016,0.0096,,5/20/2016,0.0204,,,,,,,,,,,,,,,,,5/27/2016,,,,,
F11.11_LV_L_C1,GrR,F11,C1,pell,,LV,L,,4/18/2016,,,,5/3/2016,0.0089,,,,,,,,,,,,,,,,,,,,5/17/2016,,,,,
F11.12_LV_L_C1,GrY,F11,C1,pell,,LV,L,,4/18/2016,,,,5/3/2016,0.0104,,5/16/2016,0.0154,,,,,,,,,,,,,,,,,5/20/2016,,,,,
F11.13_LV_L_C1,GrB,F11,C1,pell,,LV,L,,4/18/2016,,,,5/3/2016,0.0089,,,,,,,,,,,,,,,,,,,,5/5/2016,,,,,
F11.14_LV_L_C1,GrO,F11,C1,pell,,LV,L,,4/18/2016,,,,5/3/2016,0.0086,,,,,,,,,,,,,,,,,,,,5/11/2016,,,,,
F11.15_LV_L_C1,GrG,F11,C1,pell,,LV,L,,4/18/2016,,,,5/3/2016,0.0108,,,,,,,,,,,,,,,,,,,,5/5/2016,,,,,
FUN4.1_LV_L_B1,WR,FUN4,B1,pell,,LV,L,3 dead,4/20/2016,,,,,,,5/3/2016,0.018,,5/11/2016,0.0232,,5/20/2016,0.0461,,6/10/2016,0.1278,,,,,,,,6/20/2016,,,,,
FUN1.1_LV_S_B1,WR,FUN1,B1,pell,,LV,S,0 dead,4/17/2016,,,,,,,5/3/2016,0.0252,,5/9/2016,0.0262,,5/17/2016,0.0582,,5/27/2016,0.1127,,,,,,,,6/1/2016,,,,,
FUN1.2_LV_S_B1,WY,FUN1,B1,pell,F,LV,S,,4/17/2016,,,,,,,5/3/2016,0.0148,,5/9/2016,0.0246,,5/19/2016,0.0368,,5/31/2016,0..0836,,6/14/2016,0.1563,10,4.1,right leg missing,,6/17/2016,A,,,,
FUN1.3_LV_S_B1,WB,FUN1,B1,pell,F,LV,S,,4/17/2016,,,,,,,5/3/2016,0.0251,,5/7/2016,0.0401,,5/17/2016,0.0586,,5/26/2016,0.1056,,6/10/2016,0.1662,10.72,3.9,left leg missing,,6/13/2016,A,,,,
FUN1.4_LV_S_B1,WO,FUN1,B1,pell,,LV,S,,4/17/2016,,,,,,,5/3/2016,0.012,,5/9/2016,0.0162,,5/20/2016,0.046,,,,,,,,,,,5/28/2016,,,,,
FUN1.5_LV_S_B1,WG,FUN1,B1,pell,,LV,S,,4/17/2016,,,,,,,5/3/2016,0.0232,,5/10/2016,0.0297,,5/21/2016,0.0601,,6/6/2016,0.0809,,,,,,,,6/10/2016,,maybe one day earlier,,,
FUN1.6_LV_S_B1,,FUN1,B1,pell,,LV,S,,4/17/2016,,,,,,,5/3/2016,0.0135,,5/10/2016,0.0114,,,,,,,,,,,,,,5/12/2016,,,,,
FUN1.7_LV_S_B1,GrR,FUN1,B1,pell,F,LV,S,,4/17/2016,,,,5/3/2016,0.0211,,5/9/2016,0.0316,,5/17/2016,0.0746,,5/26/2016,0.0896,,6/10/2016,0.127,,,,,,,,6/13/2016,,,,,
FUN1.8_LV_S_B1,GrY,FUN1,B1,pell,F,LV,S,,4/17/2016,,,,,,,5/3/2016,0.0221,,5/9/2016,0.0288,,5/17/2016,0.0549,,5/28/2016,0.1556,,6/10/2016,0.2398,11.76,4.27,,,6/13/2016,A,,,,
FUN1.9_LV_S_B1,GrB,FUN1,B1,pell,,LV,S,,4/17/2016,,,,,,,5/3/2016,0.0122,right hind limb missing,5/11/2016,0.0186,,5/20/2016,0.0438,,6/3/2016,0.0532,,,,,,,,6/18/2016,,,,,
FUN1.10_LV_S_B1,GrO,FUN1,B1,pell,,LV,S,,4/17/2016,,,,,,,5/3/2016,0.0235,,5/7/2016,0.0239,,5/16/2016,0.0426,,5/26/2016,0.0894,,,,,,,,6/10/2016,,maybe 1 day earlier,,,
FUN1.11_LV_S_B1,GrG,FUN1,B1,pell,,LV,S,,4/17/2016,,,,,,,5/3/2016,0.0129,,5/10/2016,0.02,,5/19/2016,0.0438,,5/31/2016,0.1012,,,,,,,,6/10/2016,,maybe 1 day earlier,,,
F?.1_HV_L_C1,WR,F?,C1,pell,,HV,L,0 dead,4/16/2016,,,,,,,5/3/2016,0.021,,5/5/2016,0.0144,,5/13/2016,0.0444,,5/20/2016,0.0967,,,,,,,,6/8/2016,,,,,
F?.2_HV_L_C1,WY,F?,C1,pell,F,HV,L,,4/16/2016,,,,,,,5/3/2016,0.0246,,5/9/2016,0.0443,,5/17/2016,0.1081,,,,,5/26/2016,0.1477,9.86,3.78,leg fell off while measuring ,Y,6/28/2016,A,,,,
F?.3_HV_L_C1,WB,F?,C1,pell,,HV,L,,4/16/2016,,,,,,,5/3/2016,0.0259,possibly 4th,5/12/2016,0.0475,,5/23/2016,0.1306,,,,,,,,,,,6/10/2016,,maybe 1 day earlier,,,
F?.4_HV_L_C1,WO,F?,C1,pell,M,HV,L,,4/16/2016,,,,,,,5/3/2016,0.0232,,5/10/2016,0.046,,5/17/2016,0.0799,,,,,5/27/2016,0.1434,9.9,3.6,,Y,6/28/2016,A,,,,
F?.5_HV_L_C1,WG,F?,C1,pell,M,HV,L,,4/16/2016,,,,,,,5/3/2016,0.0261,,5/9/2016,0.043,,5/17/2016,0.0745,,,,,5/26/2016,0.1393,8.98,3.56,,Y,6/28/2016,A,,,,
F?.6_HV_L_C1,WP,F?,C1,pell,,HV,L,,4/16/2016,,,,,,,5/3/2016,0.0212,possibly 4th,5/11/2016,0.0434,,5/20/2016,0.0723,,,,,,,,,,,6/8/2016,,,,,
F?.7_HV_L_C1,GrR,F?,C1,pell,F,HV,L,,4/16/2016,,,,,,,5/3/2016,0.0255,,5/12/2016,0.0801,,5/20/2016,0.1389,,,,,5/31/2016,0.2392,9.83,4.97,,Y,6/28/2016,A,,,,
F?.8_HV_L_C1,GrY,F?,C1,pell,F,HV,L,,4/16/2016,,,,,,,5/3/2016,0.0314,possibly 4th,5/11/2016,0.0619,,5/17/2016,0.1273,,,,,5/28/2016,0.2547,11.66,4.82,,Y,6/28/2016,A,,,,
F?.9_HV_L_C1,GrB,F?,C1,pell,,HV,L,,4/16/2016,,,,,,,5/3/2016,0.0233,midmolt to 4th,,,,,,,,,,,,,,,,,,,,,
FH.1_LV_S_B1,WR,FH,B1,pell,F,LV,S,1 dead,4/18/2016,,,,5/3/2016,0.0196,,5/9/2016,0.0247,,5/17/2016,0.0558,,5/26/2016,0.1227,,5/30/2016,0.1443,"shift left, not adult",6/10/2016,0.1666,10.79,3.53,,Y,6/28/2016,A,,,,
FH.2_LV_S_B1,WY,FH,B1,pell,,LV,S,,4/18/2016,,,,,,,5/3/2016,0.0206,,5/9/2016,0.0297,,5/19/2016,0.0655,,5/28/2016,0.1041,,,,,,,,6/8/2016,,,,,
FH.3_LV_S_B1,,FH,B1,pell,,LV,S,,4/18/2016,,,,,,,5/3/2016,0.0111,,,,,,,,,,,,,,,,,5/6/2016,,,,,
FH.4_LV_S_B1,,FH,B1,pell,,LV,S,drowned,4/18/2016,,,,,,,5/3/2016,0.0195,,,,,,,,,,,,,,,,,5/10/2016,,,,,
FH.5_LV_S_B1,,FH,B1,pell,,LV,S,,4/18/2016,,,,,,,5/3/2016,0.0178,,,,,,,,,,,,,,,,,5/12/2016,,,,,
FH.6_LV_S_B1,WP,FH,B1,pell,,LV,S,,4/18/2016,,,,,,,5/3/2016,0.0202,,5/11/2016,0.0245,,,,,,,,,,,,,,5/18/2016,,,,,
FH.7_LV_S_B1,GrR,FH,B1,pell,,LV,S,,4/18/2016,,,,,,,5/3/2016,0.0189,,5/10/2016,0.0261,,5/19/2016,0.0728,,5/28/2016,0.1298,,,,,,,,6/8/2016,,,,,
FH.8_LV_S_B1,GrY,FH,B1,pell,,LV,S,,4/18/2016,,,,,,,5/3/2016,0.198,,5/9/2016,0.0236,,5/17/2016,0.0505,,5/25/2016,0.0967,,,,,,,,6/10/2016,,maybe 1 day earlier,,,
FH.9_LV_S_B1,GrB,FH,B1,pell,F,LV,S,,4/18/2016,,,,,,,5/3/2016,0.0181,,5/10/2016,0.0301,,5/18/2016,0.0715,,5/28/2016,0.1889,,6/10/2016,0.2597,12.46,4.62,,Y,6/28/2016,A,,,,
FH.10_LV_S_B1,,FH,B1,pell,,LV,S,,4/18/2016,,,,,,,5/3/2016,0.0153,,,,,,,,,,,,,,,,,5/7/2016,,,,,
FH.11_LV_S_B1,GrG,FH,B1,pell,F,LV,S,,4/18/2016,,,,,,,5/3/2016,0.0195,,5/11/2016,0.0333,,5/21/2016,0.0739,,5/30/2016,0.1278,,,,,,,,6/13/2016,,,,,
FH.12_LV_S_B1,GrP,FH,B1,pell,,LV,S,,4/18/2016,,,,,,,5/3/2016,0.0193,,5/10/2016,0.0275,,,,,,,,,,,,,,5/19/2016,,,,,
FH.13_LV_S_B1,RY,FH,B1,pell,,LV,S,,4/18/2016,,,,,,,5/3/2016,0.0139,,5/14/2016,0.0281,,,,,,,,,,,,,,5/31/2016,,,,,
FH.14_LV_S_B1,RB,FH,B1,pell,,LV,S,,4/18/2016,,,,,,,5/3/2016,0.0162,,5/9/2016,0.0203,,5/17/2016,0.0402,,5/30/2016,0.0565,missing leg,,,,,,,6/20/2016,,,,,
