Individual,Performance_Batch,CCode,Site,Species,sex,TEST_TEMP1,Y0_1,X0_1,Y1_1,X1_1,Y2_1,X2_1,Y3_1,X3_1,Y4_1,X4_1,Y5_1,X5_1,TEST_TEMP2,Y0_2,X0_2,Y1_2,X1_2,Y2_2,X2_2,Y3_2,X3_2,Y4_2,X4_2,Y5_2,X5_2,TEST_TEMP3,Y0_3,X0_3,Y1_3,X1_3,Y2_3,X2_3,Y3_3,X3_3,Y4_3,X4_3,Y5_3,X5_3,TEST_TEMP4,Y0_4,X0_4,Y1_4,X1_4,Y2_4,X2_4,Y3_4,X3_4,Y4_4,X4_4,Y5_4,X5_4,NOTES
F9.1_HV_S_A1,A,WR,A1,dodg,,,,,,,,,,,,,,,,,,,,,,,,,,,,,,,,,,,,,,,,,,,,,,,,,,,,,,leg missing
FY1.3_HV_S_C1,A,WB,C1,dodg,F,10,3_6,4_1,3_5,4_3,3_7,4_11,4_3,3_9,3_7,3_1,2_6,2_4,35,3_11,3_11,4_10,2_11,4_7,3_5,4_4,3_1,3_10,2_5,4_2,1_5,25,3_11,3_8,3_2,4_2,4_2,3_9,5_3,3_6,5_10,2_5,4_7,2_8,17,3_11,2_10,3_1,1_6,1_4,1_9,2_0,2_0,1_1,2_1,2_8,1_3,
FY1.4_HV_S_C1,B,WO,C1,dodg,F,25,4_1,3_8,3_9,2_11,3_8,1_9,3_9,1_8,4_3,1_8,4_6,1_9,17,4_4,4_0,4_0,4_2,3_10,4_6,4_10,4_6,4_10,5_0,4_6,5_6,10,4_0,3_9,4_3,3_9,4_2,4_1,3_6,3_6,2_0,4_0,2_7,3_7,35,4_2,2_4,4_0,2_5,3_7,2_2,2_11,2_3,2_8,2_3,2_6,2_10,
FY1.6_HV_S_C1,A,WG,C1,dodg,F,,,,,,,,,,,,,,,,,,,,,,,,,,,,,,,,,,,,,,,,,,,,,,,,,,,,,
FY1.7_HV_S_C1,B,WP,C1,dodg,F,25,3_9,4_1,4_0,4_8,5_0,6_0,4_4,5_4,4_7,3_9,4_9,4_4,17,3_8,3_9,1_11,2_3,1_3,4_4,1_4,5_5,1_5,4_5,1_2,4_10,10,4_4,3_4,4_3,3_2,4_6,2_5,4_6,2_8,4_10,3_5,5_2,3_4,35,3_5,3_3,4_9,3_5,5_6,4_9,5_9,4_1,5_6,4_1,5_5,3_11,
FY1.9_HV_S_C1,A,GrY,C1,dodg,F,10,3_3,4_4,3_1,4_4,2_7,4_3,2_3,4_9,2_6,4_7,1_8,4_8,35,4_0,4_10,3_3,5_3,4_0,4_11,2_3,5_5,0_11,4_11,1_6,4_10,25,4_5,3_9,2_11,4_4,3_4,3_8,2_9,3_4,2_6,3_7,2_1,4_2,17,4_3,3_3,3_11,2_9,3_8,2_8,1_7,2_6,2_2,1_2,3_6,0_10,
FY1.10_HV_S_C1,B,GrB,C1,dodg,M,25,4_6,4_2,4_4,6_9,5_2,6_6,5_6,5_5,3_6,5_3,3_10,2_10,17,3_8,4_2,3_7,4_1,2_8,3_0,3_8,2_2,5_2,2_5,5_2,2_10,10,3_4,3_0,3_3,2_9,4_6,2_6,4_1,3_2,3_10,2_9,3_8,3_1,35,3_11,3_8,5_11,6_10,4_2,2_7,2_1,3_0,3_5,4_5,3_2,4_3,
FY1.12_HV_S_C1,A,GrO,C1,dodg,M,10,2_11,4_2,1_3,4_4,1_8,4_1,1_7,4_11,1_5,5_2,0_11,5_10,35,1_0,5_8,2_6,4_2,2_3,4_8,2_2,5_9,2_9,6_5,1_7,6_1,25,3_7,2_6,5_3,3_2,4_10,5_2,3_11,4_5,5_7,1_11,3_8,1_0,17,3_5,3_1,2_9,2_10,1_4,1_7,1_0,3_6,1_6,3_3,2_5,4_11,
FY1.13_HV_S_C1,B,GrG,C1,dodg,M,25,3_6,3_6,3_0,2_6,4_0,2_0,5_7,2_3,3_5,2_6,3_10,2_5,17,3_8,4_8,3_10,4_8,4_3,4_6,3_9,3_11,2_8,4_1,0_10,1_4,10,3_7,3_10,3_9,3_2,3_0,1_10,1_4,0_6,1_7,0_8,3_0,0_0,35,3_11,1_5,3_11,2_6,1_0,2_10,1_3,2_7,1_6,2_4,2_7,2_3,
FY1.15_HV_S_C1,A,GrP,C1,dodg,F,10,4_0,4_2,4_0,3_11,4_8,3_7,5_2,3_6,5_7,3_2,5_8,3_6,35,3_8,4_11,3_11,4_10,4_7,3_8,4_10,2_9,4_8,2_4,5_6,2_10,25,3_6,2_6,3_6,1_2,3_8,1_4,3_9,1_6,3_11,1_6,4_5,0_10,17,4_3,3_2,3_8,2_6,3_5,3_11,3_7,2_10,5_0,3_0,4_8,1_9,
FY1.16_HV_S_C1,B,RY,C1,dodg,F,25,4_4,3_0,4_0,3_4,4_8,3_8,5_3,3_7,4_6,3_8,3_9,3_8,,,,,,,,,,,,,,,,,,,,,,,,,,,,,,,,,,,,,,,,leg missing and dead at 2nd trial
F11.3_HV_S_B1,A,WB,B1,dodg,F,,,,,,,,,,,,,,,,,,,,,,,,,,,,,,,,,,,,,,,,,,,,,,,,,,,,,leg missing and dead at 2nd trial
F11.4_HV_S_B1,B,WO,B1,dodg,F,25,3_9,3_8,5_4,5_1,3_8,5_8,3_1,3_9,4_9,5_2,2_6,4_1,17,3_10,4_10,1_8,4_6,0_6,4_0,2_7,4_1,1_7,5_6,2_4,4_0,10,4_4,3_8,4_5,2_4,6_3,2_10,5_9,2_2,5_3,0_10,3_8,1_6,35,3_8,3_3,3_5,4_0,4_8,1_11,3_7,3_3,4_2,1_0,3_5,3_3,
F11.6_HV_S_B1,A,WG,B1,dodg,F,10,3_4,3_11,3_0,3_3,3_7,2_7,3_4,2_4,2_11,2_0,2_8,3_10,35,3_6,4_2,3_10,3_8,3_0,3_8,2_6,3_5,2_1,3_7,2_5,2_8,25,4_8,2_2,3_10,2_6,4_9,2_4,4_5,3_2,4_6,2_6,4_11,2_7,17,3_5,3_8,4_1,3_5,5_1,3_8,4_8,2_11,3_2,2_5,4_3,2_10,
F11.7_HV_S_B1,B,WP,B1,dodg,F,25,4_7,3_10,3_3,3_6,3_0,2_6,3_7,2_6,3_4,3_2,3_5,4_8,17,3_5,4_11,2_11,5_0,4_2,5_3,5_0,3_10,4_9,2_5,5_0,3_7,10,3_7,2_10,3_0,3_3,3_5,3_6,3_0,2_6,2_1,2_2,1_9,3_4,35,3_9,3_6,3_8,3_6,3_0,3_4,3_9,3_0,3_2,2_9,3_10,2_9,
F11.8_HV_S_B1,A,GrR,B1,dodg,F,10,4_2,4_2,3_9,4_3,5_0,3_11,4_9,4_3,4_10,4_7,4_1,3_9,35,3_10,5_1,4_9,3_10,4_2,3_11,5_7,3_6,6_2,2_2,5_0,2_2,25,4_0,1_9,3_8,2_3,3_11,2_0,4_1,2_11,3_4,3_9,4_4,2_8,17,4_1,3_2,3_10,3_5,4_1,3_7,5_1,3_11,4_10,2_9,4_0,2_10,
F11.9_HV_S_B1,B,GrY,B1,dodg,M,25,4_3,3_10,3_11,4_4,2_3,5_11,3_8,6_3,1_7,5_3,3_6,6_9,17,3_5,5_0,5_0,4_1,3_5,5_1,1_2,5_9,2_5,3_11,3_2,1_9,10,4_0,3_8,3_11,3_8,4_0,3_1,4_9,2_10,4_4,3_0,4_3,2_0,35,4_9,3_1,3_7,2_7,3_4,1_0,2_7,2_7,1_4,1_1,2_7,2_8,
F11.10_HV_S_B1,A,GrB,B1,dodg,F,10,3_6,3_10,4_5,3_10,3_0,3_10,2_0,3_7,3_7,2_10,3_1,1_8,35,3_3,4_8,2_11,5_1,2_5,5_5,1_8,6_0,1_7,5_6,1_5,5_10,25,4_1,3_0,4_7,3_0,4_7,3_4,4_1,3_8,4_7,4_0,4_4,4_0,17,4_0,3_0,3_10,3_10,4_4,3_10,4_8,4_2,4_10,4_5,5_0,3_10,
F11.13_HV_S_B1,B,GrG,B1,dodg,M,25,4_0,3_5,4_2,4_3,3_11,6_0,3_6,4_3,1_11,5_10,2_0,5_2,17,4_10,4_9,4_6,4_9,4_0,5_1,3_1,5_2,3_10,6_0,3_5,4_11,10,3_11,3_3,5_0,2_0,3_1,0_11,2_1,2_4,2_8,1_0,3_11,1_1,35,4_3,4_2,2_3,5_7,3_11,5_6,2_0,5_10,3_0,5_6,2_6,4_1,
F11.14_HV_S_B1,A,GrP,B1,dodg,M,10,2_11,4_3,3_5,3_11,2_7,3_2,3_1,1_6,3_7,2_2,3_7,2_7,35,3_9,4_9,2_0,4_10,1_10,5_8,1_11,6_8,1_11,5_10,1_4,5_4,25,4_2,2_11,4_3,3_3,4_4,3_8,3_9,4_9,4_3,3_0,4_10,2_9,17,4_3,3_3,3_9,3_0,3_10,2_8,3_5,2_1,3_3,1_10,4_1,1_7, 
F84.2_HV_S_C1,B,WY,C1,dodg,F,25,4_6,3_10,4_9,3_10,5_3,4_11,4_9,4_9,3_7,5_6,4_5,4_9,17,3_4,4_10,3_3,4_11,2_8,4_10,2_8,3_11,2_10,4_1,2_9,3_8,10,4_6,2_6,4_1,1_8,3_9,3_5,3_11,2_8,3_5,3_0,3_8,3_3,35,3_11,2_0,3_1,2_4,2_5,2_10,1_5,3_1,1_4,2_11,1_6,3_3,
F84.3_HV_S_C1,A,WB,C1,dodg,F,10,3_8,3_6,0_5,3_2,1_1,4_4,2_3,2_7,4_10,2_4,2_8,1_3,35,2_11,2_8,0_6,2_4,1_5,2_2,3_0,3_0,4_2,1_7,3_6,2_1,25,4_0,2_4,4_2,4_3,1_8,4_8,2_2,3_3,3_11,2_9,5_1,0_11,17,3_11,3_3,3_0,3_6,4_10,2_3,3_6,2_10,0_8,2_2,3_0,1_10,
F84.4_HV_S_C1,B,WO,C1,dodg,M,,,,,,,,,,,,,,,,,,,,,,,,,,,,,,,,,,,,,,,,,,,,,,,,,,,,,
F84.5_HV_S_C1,A,WG,C1,dodg,M,,,,,,,,,,,,,,,,,,,,,,,,,,,,,,,,,,,,,,,,,,,,,,,,,,,,,
F84.6_HV_S_C1,B,WP,C1,dodg,M,25,4_6,3_1,4_4,3_2,3_9,3_2,3_8,3_10,4_1,3_10,3_0,3_4,17,4_1,3_11,4_3,4_8,4_8,4_3,5_4,4_0,4_3,4_2,4_3,4_11,10,4_0,3_8,4_2,3_6,4_2,3_4,4_2,3_6,4_3,3_8,4_5,3_9,35,3_6,3_2,3_6,3_4,3_3,3_8,2_11,3_11,2_3,4_2,2_5,3_9,
F84.7_HV_S_C1,A,GrR,C1,dodg,F,,,,,,,,,,,,,,,,,,,,,,,,,,,,,,,,,,,,,,,,,,,,,,,,,,,,,leg missing
F84.11_HV_S_C1,B,GrO,C1,dodg,F,25,4_10,3_8,5_2,4_1,4_7,4_4,5_3,4_1,4_6,4_4,4_3,4_3,17,3_10,3_7,3_0,3_10,2_5,5_2,2_6,4_2,2_0,4_6,2_0,5_2,10,4_0,3_5,4_2,3_5,3_9,4_4,3_7,3_9,3_6,4_6,2_10,4_4,35,3_8,3_9,3_3,3_8,1_11,3_4,2_9,3_5,3_10,3_7,4_9,3_0,
F84.12_HV_S_C1,A,GrG,C1,dodg,F,10,3_3,4_6,2_7,5_4,2_5,5_1,2_5,4_5,0_11,4_5,0_3,3_2,35,4_1,4_10,3_7,4_8,2_10,4_10,4_1,4_2,3_3,3_7,2_11,3_9,25,3_9,2_9,3_9,3_0,2_2,3_8,3_2,3_2,3_10,2_8,3_2,3_6,17,4_2,3_2,5_6,1_11,4_4,1_11,2_11,1_0,3_9,2_7,1_10,2_10,
F84.13_HV_S_C1,B,GrP,C1,dodg,M,,,,,,,,,,,,,,,,,,,,,,,,,,,,,,,,,,,,,,,,,,,,,,,,,,,,,
F84.15_HV_S_C1,A,RB,C1,dodg,M,,,,,,,,,,,,,,,,,,,,,,,,,,,,,,,,,,,,,,,,,,,,,,,,,,,,,"leg missing, nearly dead at first trial"
F72.1_HV_S_B1,B,WR,B1,dodg,M,25,4_1,3_3,4_4,2_2,4_5,2_7,3_4,4_2,2_5,5_0,2_1,3_2,17,3_5,5_2,3_4,4_11,3_3,4_0,2_10,2_9,2_9,3_1,3_9,2_11,10,3_11,3_7,3_2,3_3,3_7,4_5,4_0,4_0,4_3,4_10,3_7,4_1,35,3_9,3_7,4_2,2_9,2_0,2_5,1_9,4_0,2_0,3_2,1_10,2_7,
F72.2_HV_S_B1,A,WY,B1,dodg,,,,,,,,,,,,,,,,,,,,,,,,,,,,,,,,,,,,,,,,,,,,,,,,,,,,,,
F74.1_LV_S_B1,B,WR,B1,dodg,M,25,4_1,3_7,4_5,4_5,4_7,4_7,4_7,4_0,4_0,3_9,3_11,4_2,17,4_0,4_1,3_9,4_2,4_2,4_3,4_2,4_1,4_5,4_4,5_2,3_3,10,4_0,2_9,3_11,2_9,4_10,1_10,5_9,2_2,5_5,1_3,4_10,1_2,35,3_6,2_6,3_2,3_0,3_7,3_1,3_8,3_5,3_10,3_3,3_8,3_9,
F74.3_LV_S_B1,A,WY,B1,dodg,F,10,4_0,4_6,4_1,4_8,3_6,4_7,3_1,4_4,3_2,3_11,2_9,3_5,35,3_9,3_1,3_11,1_9,5_6,1_10,5_3,2_11,5_3,2_1,4_4,1_1,25,3_9,2_7,3_7,2_8,3_2,3_1,2_11,3_3,2_10,3_11,3_7,4_0,17,4_2,2_10,3_10,3_9,3_9,4_6,3_4,4_8,2_4,5_11,2_8,5_11,
F74.4_LV_S_B1,B,WB,B1,dodg,F,25,4_3,3_2,3_10,4_0,4_9,3_7,3_3,3_7,3_8,3_2,2_2,4_5,17,4_1,5_0,4_7,4_0,4_10,4_10,5_4,3_9,3_8,4_7,2_6,3_5,10,3_8,3_0,3_8,3_8,4_2,3_11,4_5,4_1,4_7,4_5,4_2,4_7,35,3_10,3_9,2_3,5_0,2_2,3_5,2_5,1_7,2_8,0_9,3_5,1_1,
F74.5_LV_S_B1,A,WO,B1,dodg,F,10,3_11,3_11,3_4,3_9,3_5,3_10,3_7,3_10,3_9,4_0,3_9,4_3,35,3_7,4_2,3_7,4_11,3_3,5_9,3_0,5_11,3_0,5_6,3_4,5_8,25,3_9,2_2,4_6,2_7,3_3,2_3,2_6,2_4,1_8,2_3,1_0,2_10,17,3_7,3_8,3_5,3_7,2_10,3_7,2_6,3_6,2_8,3_1,2_7,3_6,
F74.6_LV_S_B1,B,WG,B1,dodg,M,,,,,,,,,,,,,,,,,,,,,,,,,,,,,,,,,,,,,,,,,,,,,,,,,,,,,
F74.8_LV_S_B1,A,GrY,B1,dodg,F,10,3_11,4_7,4_0,4_6,4_6,4_8,4_0,4_5,3_11,4_10,3_6,4_9,35,3_11,4_7,2_7,4_11,1_2,4_6,2_8,3_11,3_8,3_5,3_3,4_4,25,3_11,3_8,4_1,3_10,4_3,3_2,4_5,3_0,4_11,2_8,4_9,2_0,17,3_7,2_11,3_4,3_2,2_7,3_2,2_9,3_1,2_11,2_11,3_2,2_9,
F74.9_LV_S_B1,B,GrR,B1,dodg,M,25,4_3,2_10,3_4,4_1,2_5,5_6,2_1,4_4,1_2,2_1,2_1,1_6,17,3_8,5_0,5_2,4_8,4_10,3_10,4_0,3_6,3_6,4_1,2_3,3_9,10,3_10,2_11,4_5,3_2,3_4,3_8,3_3,3_5,3_0,2_9,1_0,2_6,35,4_1,3_5,2_10,3_2,3_4,1_11,3_3,1_2,2_5,1_8,1_8,2_9,
FW1.1_LV_S_C1,A,WR,C1,dodg,,,,,,,,,,,,,,,,,,,,,,,,,,,,,,,,,,,,,,,,,,,,,,,,,,,,,,
F57A.3_LV_S_B1,B,WP,B1,dodg,F,25,4_4,3_7,4_3,3_4,4_4,3_1,4_6,4_1,4_4,5_6,2_9,5_9,17,4_2,4_8,3_0,4_4,1_11,4_3,2_1,2_11,3_3,1_3,1_8,1_4,10,4_2,2_2,4_7,3_1,4_5,3_7,4_8,3_10,4_6,4_9,3_1,4_11,35,3_8,2_7,2_4,2_8,1_3,4_6,2_8,5_0,1_4,5_1,1_3,4_3,
F57A.1_LV_S_B1,A,WR,B1,dodg,F,,,,,,,,,,,,,,,,,,,,,,,,,,,,,,,,,,,,,,,,,,,,,,,,,,,,,leg missing
F57A.2_LV_S_B1,B,WY,B1,dodg,F,25,3_10,3_10,3_10,4_0,4_5,3_7,4_11,3_8,3_7,3_6,3_1,2_1,17,4_5,3_8,3_5,4_5,3_2,5_11,4_5,5_10,3_6,5_10,2_2,5_6,10,3_11,2_11,3_5,3_1,3_4,3_1,3_6,2_9,5_1,2_8,3_8,1_11,35,3_7,2_8,3_4,3_7,2_6,2_10,1_5,3_3,1_10,3_5,2_1,4_0,
F57A.6_LV_S_B1,A,WB,B1,dodg,F,10,4_2,3_9,4_1,4_3,3_10,3_0,4_5,3_9,3_4,2_10,2_3,3_5,35,5_8,2_8,5_6,1_0,4_8,1_6,3_11,1_4,3_8,1_9,2_9,1_10,25,3_10,3_3,2_8,2_0,4_8,1_8,4_11,3_3,4_0,1_6,3_6,0_7,17,4_2,3_0,3_3,4_3,2_7,4_5,2_5,2_8,0_11,1_8,2_2,2_11,
FA1.6_LV_S_C1,A,WB,C1,dodg,F,10,3_7,4_7,3_6,4_5,4_2,3_11,4_0,4_2,3_7,4_5,2_11,5_3,35,3_9,4_0,3_10,3_8,3_7,3_2,3_7,1_9,3_1,0_7,2_5,2_0,25,4_5,3_8,5_3,3_2,5_3,1_10,4_7,0_5,4_3,0_9,2_10,1_3,17,3_10,2_11,3_9,3_2,2_1,2_3,2_0,3_0,2_10,2_0,2_4,2_10,
FA1.9_LV_S_C1,B,WP,C1,dodg,F,,,,,,,,,,,,,,,,,,,,,,,,,,,,,,,,,,,,,,,,,,,,,,,,,,,,,dead
FA1.10_LV_S_C1,A,GrR,C1,dodg,F,,,,,,,,,,,,,,,,,,,,,,,,,,,,,,,,,,,,,,,,17,3_9,3_3,3_3,2_8,3_1,2_0,2_2,1_9,1_10,3_8,2_1,2_8,leg missing
FA1.11_LV_S_C1,A,WR,C1,dodg,M,10,3_10,4_9,2_10,4_11,3_0,4_9,1_10,4_11,2_5,4_11,2_2,4_9,35,1_7,5_3,2_11,4_0,1_8,2_7,0_4,0_11,0_8,2_9,1_3,0_11,25,4_3,4_1,4_0,4_7,4_0,4_8,3_6,4_4,2_7,4_8,2_8,4_6,,,,,,,,,,,,,,dead at 4th measure
F22.1_LV_S_A1,B,WR,A1,dodg,M,,,,,,,,,,,,,,,,,,,,,,,,,,,,,,,,,,,,,,,,,,,,,,,,,,,,,
FZ1.1_HV_L_C1,A,WR,C1,dodg,M,10,3_9,4_7,4_1,4_8,3_11,4_9,4_0,4_4,3_8,4_3,3_7,3_11,35,2_3,4_5,2_2,2_4,0_4,1_8,0_11,1_10,1_6,2_6,1_4,3_0,25,3_2,1_10,3_5,1_8,3_4,1_10,3_1,2_2,2_0,2_0,1_2,1_10,17,3_8,3_2,3_5,3_2,3_5,3_1,3_5,2_9,3_0,1_4,3_3,1_4,
FZ1.3_HV_L_C1,B,WB,C1,dodg,M,25,4_7,3_11,4_5,4_5,4_8,4_11,4_7,4_8,5_4,4_6,5_0,4_11,17,3_5,4_2,2_7,4_8,2_7,3_10,3_10,4_3,4_5,2_8,4_5,3_11,10,3_7,2_8,3_6,2_6,3_10,2_5,3_9,2_6,3_10,2_3,3_9,1_2,35,4_6,1_5,3_6,1_11,3_11,1_10,3_10,2_0,3_3,2_6,3_0,1_6,
FZ1.4_HV_L_C1,A,WO,C1,dodg,M,10,3_10,4_8,2_2,4_7,2_2,4_9,2_4,4_10,0_11,3_9,2_7,1_10,35,3_10,4_6,4_7,3_2,6_1,2_5,4_3,2_5,3_6,2_0,3_8,2_8,25,3_10,3_7,3_11,3_7,4_2,3_3,4_1,1_7,4_4,1_10,3_5,2_10,17,3_2,3_7,3_1,3_7,3_2,3_5,3_0,3_4,2_11,3_4,3_1,3_1,
F26.1_HV_L_A1,B,WR,A1,dodg,M,25,4_10,4_2,2_10,3_3,4_11,5_5,4_3,6_5,5_11,4_6,5_4,5_9,17,4_1,4_8,3_0,5_3,1_7,2_6,2_7,3_0,2_0,0_10,2_6,2_7,10,3_9,2_5,1_8,2_10,1_6,2_0,2_2,1_10,3_3,2_1,3_4,0_3,35,4_1,3_3,4_1,3_11,3_0,5_7,2_0,5_8,1_9,4_11,1_4,3_2,
F26.2_HV_L_A1,A,WY,A1,dodg,M,10,3_1,4_3,3_6,4_2,3_11,4_2,4_10,3_6,5_8,2_11,5_8,2_8,35,4_0,2_11,5_4,2_9,4_8,1_0,4_1,1_1,2_10,1_10,0_3,1_4,25,3_6,2_9,3_8,0_8,3_8,1_2,3_4,1_9,2_9,1_10,2_3,1_4,17,4_0,3_0,4_10,4_0,2_10,4_5,4_9,3_4,4_8,3_6,5_1,2_11,
F26.3_HV_L_A1,B,WB,A1,dodg,F,25,5_0,4_2,4_11,3_11,4_8,3_10,4_3,3_6,3_11,4_2,4_3,5_1,17,3_9,4_8,3_6,4_8,3_2,4_7,2_2,5_7,1_8,4_6,0_9,4_2,10,3_9,3_2,4_0,3_7,3_3,3_9,2_10,4_2,2_3,4_1,1_5,4_4,35,3_6,2_7,3_2,2_7,2_11,2_7,2_7,2_5,2_6,3_1,2_2,3_0,
F26.4_HV_L_A1,A,WO,A1,dodg,F,10,3_7,4_9,3_9,5_0,3_11,5_0,3_7,4_7,3_5,5_0,3_0,5_0,35,3_10,4_4,3_6,4_1,3_8,4_6,3_9,4_2,3_8,3_9,3_1,4_2,25,4_4,3_4,4_2,3_3,4_5,3_4,4_6,3_0,4_4,2_4,4_5,1_8,17,3_7,2_8,3_1,2_5,3_7,2_10,3_10,2_3,3_2,2_7,3_8,2_1,
F10.1_HV_L_A1,B,WR,A1,dodg,M,,,,,,,,,,,,,,,,,,,,,,,,,,,,,,,,,,,,,,,,,,,,,,,,,,,,,
F10.2_HV_L_A1,A,WY,A1,dodg,M,10,3_5,3_11,1_9,6_6,1_3,4_8,1_10,2_3,3_3,1_1,1_9,2_2,35,3_6,3_8,4_1,2_8,5_1,3_6,4_11,4_4,4_3,3_5,3_5,4_8,25,1_11,2_6,3_6,4_8,1_7,3_0,2_4,3_7,2_10,2_11,1_0,1_6,17,3_9,2_4,3_10,3_0,4_7,3_4,5_0,2_1,4_5,2_5,3_5,3_11,
F10.3_HV_L_A1,B,WB,A1,dodg,F,25,4_3,4_0,5_1,4_7,3_2,5_2,1_9,6_3,2_5,6_3,0_11,5_10,,,,,,,,,,,,,,,,,,,,,,,,,,,,,,,,,,,,,,,,leg missing
F10.4_HV_L_A1,A,WO,A1,dodg,F,10,4_1,4_2,4_1,4_5,4_5,4_11,4_4,4_8,4_6,4_10,4_3,5_0,35,2_4,3_8,2_2,1_8,1_7,2_3,1_4,2_7,0_3,3_10,0_9,2_4,25,3_5,2_1,2_6,2_6,2_1,2_5,3_7,1_4,4_4,1_10,5_11,1_10,17,4_8,3_6,4_0,3_1,3_11,4_2,4_10,3_8,5_10,2_6,4_9,2_6,
F14.3_HV_L_A1,A,WB,A1,dodg,F,10,4_2,4_4,4_5,4_8,4_10,5_2,5_7,5_0,4_11,4_3,5_3,3_1,35,3_2,5_4,2_11,5_4,2_5,4_8,2_11,5_4,1_11,5_1,1_9,4_5,25,4_5,2_1,3_6,1_4,1_5,1_7,1_11,2_7,2_0,1_4,2_7,2_2,17,3_10,3_6,4_5,2_1,3_10,1_5,1_11,1_7,4_0,2_6,2_10,2_4,
F14.5_HV_L_A1,B,WG,A1,dodg,F,25,4_7,4_6,5_3,4_8,5_4,5_10,4_9,4_3,4_2,3_4,2_11,3_10,17,3_8,4_10,3_3,5_2,2_3,5_10,1_2,5_1,1_8,5_6,1_5,4_4,10,3_11,3_5,4_0,4_0,3_11,4_1,4_3,4_2,4_8,2_8,4_4,2_9,35,4_2,2_10,3_7,2_10,3_8,3_6,3_8,4_1,3_4,4_0,3_7,4_9,
F15.1_HV_L_B1,A,WR,B1,dodg,F,10,3_2,3_4,3_7,4_2,4_9,4_0,3_5,4_5,2_6,4_2,3_3,4_3,35,2_6,4_0,1_11,2_8,0_8,1_0,1_9,2_2,3_2,2_0,2_6,1_7,25,4_8,3_6,3_3,3_2,0_11,2_3,1_7,2_7,1_10,0_5,5_0,0_9,17,3_9,3_4,4_0,1_6,3_5,2_8,2_3,2_0,1_6,2_7,1_0,4_1,
F15.2_HV_L_B1,B,WY,B1,dodg,F,,,,,,,,,,,,,,,,,,,,,,,,,,,,,,,,,,,,,,,,,,,,,,,,,,,,,
F15.7_HV_L_B1,A,GrR,B1,dodg,M,10,4_1,3_6,4_2,4_7,3_7,5_2,4_6,5_9,3_3,5_6,3_8,5_7,35,4_2,4_7,3_5,4_9,2_8,5_3,2_9,4_4,1_6,4_6,2_10,5_10,25,4_2,3_8,4_0,2_0,3_1,0_4,2_1,1_2,3_8,1_1,4_11,2_2,17,3_7,3_3,5_0,3_2,4_9,2_10,4_3,0_7,4_6,1_5,4_6,0_8,
F15.8_HV_L_B1,B,GrY,B1,dodg,F,25,3_9,3_2,4_2,5_2,4_8,4_2,2_3,6_0,2_11,5_5,2_0,4_1,17,3_10,4_3,4_4,3_4,3_7,2_3,2_5,3_3,4_1,1_7,3_0,3_0,10,3_8,3_8,2_9,2_2,2_11,2_6,3_10,0_6,2_4,1_5,1_8,2_8,35,4_5,3_5,4_4,2_8,1_10,2_11,2_6,3_1,4_4,3_0,3_9,2_2,
FD1.3_LV_S_C1,B,WY,C1,dodg,,,,,,,,,,,,,,,,,,,,,,,,,,,,,,,,,,,,,,,,,,,,,,,,,,,,,,
FD1.4_LV_S_C1,A,WB,C1,dodg,F,10,3_11,3_8,4_1,3_7,5_1,3_3,4_6,3_3,4_6,4_2,6_1,4_11,35,3_0,4_5,3_7,4_4,2_8,4_8,3_3,4_7,3_11,5_1,4_5,4_10,25,4_1,3_5,3_7,3_0,3_2,2_10,2_11,2_10,2_6,2_6,1_11,2_1,17,4_2,2_4,3_11,2_3,3_10,2_2,3_9,2_5,3_9,2_8,4_0,2_9,
FD1.5_LV_S_C1,B,WO,C1,dodg,M,25,4_3,3_4,2_2,2_8,2_3,4_1,1_4,2_7,1_3,4_5,3_1,4_0,17,4_2,4_0,3_8,1_9,4_7,2_2,3_3,3_2,2_11,5_2,3_11,3_6,10,4_3,2_7,3_7,3_9,2_4,2_2,1_1,3_0,1_3,1_5,1_6,1_0,35,5_9,2_3,3_8,0_10,3_6,2_2,2_6,3_10,3_11,2_2,6_0,2_0,
FD1.7_LV_S_C1,A,WG,C1,dodg,M,10,2_11,3_2,3_0,4_0,0_10,4_7,2_6,4_0,0_11,4_5,1_8,3_3,35,3_6,3_9,3_3,4_2,4_2,3_1,5_5,3_0,5_7,1_9,4_6,1_11,10,4_1,3_7,3_7,3_6,3_0,4_0,1_8,2_11,1_3,1_4,2_6,1_4,35,3_9,2_8,4_3,1_4,3_7,2_9,2_5,3_9,2_2,5_1,1_11,3_3,
FD1.8_LV_S_C1,B,WP,C1,dodg,F,25,3_5,4_1,1_9,5_1,2_3,6_9,1_6,5_0,1_6,4_2,2_2,2_8,17,3_4,4_10,3_5,4_8,4_1,3_5,4_6,4_2,5_4,5_0,4_0,3_4,10,2_7,3_8,2_6,2_11,1_10,2_8,1_9,2_11,3_1,2_0,3_0,0_3,35,4_0,3_8,2_8,3_4,1_0,4_2,1_11,2_8,3_7,2_4,1_4,1_11,
FD1.9_LV_S_C1,A,GrR,C1,dodg,M,10,3_11,4_4,3_5,5_1,3_1,4_7,3_1,4_11,2_9,6_1,3_0,6_0,35,3_11,4_7,4_3,3_5,2_10,4_3,2_4,3_5,2_2,2_11,3_1,2_7,25,4_0,2_7,3_11,2_4,2_9,3_3,2_6,3_5,2_2,3_1,2_0,3_4,17,4_4,2_9,4_6,3_8,5_1,5_4,4_4,5_4,3_11,4_9,4_0,5_0,
FD1.10_LV_S_C1,B,GrY,C1,dodg,M,25,3_0,4_5,3_3,5_9,2_7,5_8,1_3,4_0,1_0,4_10,1_7,3_1,17,3_2,5_2,2_10,3_5,2_2,2_1,1_6,4_0,3_7,2_8,2_4,1_10,10,3_11,3_7,4_6,4_1,3_0,3_3,2_10,3_7,2_10,4_6,2_2,3_6,35,4_2,2_9,4_3,3_11,3_1,4_0,3_4,3_9,3_6,1_3,5_6,1_10,
FD1.11_LV_S_C1,A,GrB,C1,dodg,M,10,3_11,4_3,3_4,4_10,3_2,6_3,2_5,5_5,0_7,5_0,2_4,3_8,35,3_11,4_1,2_7,2_8,2_7,1_3,2_8,2_1,1_10,3_5,1_0,4_6,25,3_10,3_0,3_9,1_10,3_2,2_7,1_7,1_3,1_6,1_8,2_11,0_0,,,,,,,,,,,,,,
FD1.12_LV_S_C1,B,GrO,C1,dodg,M,25,4_8,3_8,4_0,3_4,2_8,3_8,2_11,3_10,2_9,3_4,2_6,2_4,17,3_3,4_0,3_1,4_2,2_7,4_0,3_0,4_8,2_1,4_8,3_0,4_6,10,3_9,2_9,4_3,2_8,4_9,2_11,4_10,1_2,4_11,1_10,5_5,0_11,35,2_3,5_6,2_7,4_4,1_6,4_9,1_9,4_4,1_9,3_4,1_11,3_10,
FD1.13_LV_S_C1,A,GrG,C1,dodg,F,10,3_6,4_7,3_4,4_7,3_0,4_8,2_8,4_8,3_3,5_0,3_6,4_5,,,,,,,,,,,,,,,,,,,,,,,,,,,,,,,,,,,,,,,,leg fell off before trial 2 (in cup)
FD1.14_LV_S_C1,B,GrP,C1,dodg,F,25,4_7,3_9,2_0,3_9,0_8,1_2,0_10,3_0,2_7,3_9,2_10,6_0,17,3_9,4_10,3_7,4_7,3_10,4_1,2_6,3_8,1_1,3_2,1_7,2_7,10,4_1,3_1,3_7,3_3,3_6,1_11,2_10,1_2,3_10,1_7,2_2,1_6,35,4_2,3_0,3_5,2_4,2_3,2_2,1_6,0_0,1_4,0_9,2_6,0_1,
FD1.16_LV_S_C1,A,RY,C1,dodg,M,10,4_4,3_8,4_7,3_11,5_0,3_10,4_10,3_11,3_7,3_8,3_9,4_5,35,3_0,4_11,1_10,4_10,3_5,3_10,4_8,3_8,3_5,3_6,3_0,3_3,25,4_2,3_4,5_3,1_10,4_7,1_2,4_7,1_0,3_0,1_10,4_0,1_5,17,3_11,3_5,3_1,3_1,3_3,3_10,2_7,4_6,3_0,4_8,3_2,4_6,
FD1.17_LV_S_C1,B,RB,C1,dodg,F,25,4_2,3_4,5_7,4_0,3_11,3_11,2_0,4_2,1_4,3_2,2_2,2_6,17,3_4,4_4,2_5,4_7,2_4,4_11,1_10,4_6,1_8,4_1,1_8,3_2,10,4_2,3_11,4_2,3_9,4_8,3_4,4_7,3_2,5_0,2_7,5_3,2_3,35,4_1,3_4,3_4,2_9,2_0,3_11,2_11,4_3,2_1,4_10,1_5,5_4,
F75.7_LV_L_C1,A,GrR,C1,dodg,,,,,,,,,,,,,,,,,,,,,,,,,,,,,,,,,,,,,,,,,,,,,,,,,,,,,,
F75.8_LV_L_C1,B,GrY,C1,dodg,M,25,3_3,5_0.5,3_1.5,4_9,2_7,4_2,2_8.5,3_2.5,2_3,3_7,1_9,2_8,17,3_2,4_6,2_1,4_2,3_4,3_8,2_8,2_11,1_3,2_8,2_8,2_6,10,3_11,3_6,4_1,3_8,4_2,3_4,3_2,2_9,2_6,3_2,1_7,2_10,35,5_9,4_0,5_6,3_10,4_1,3_3,5_4,3_0,5_4,2_0,3_10,2_8,
F75.11_LV_L_C1,A,GrG,C1,dodg,M,10,3_11,3_11,3_9,3_11,3_4,3_11,3_1,3_10,3_0,3_4,2_10,3_10,35,3_1,4_1,2_1,5_1,1_5,4_6,2_3,3_6,2_1,3_1,1_4,2_8,25,2_8,2_7,3_2,3_1,2_10,2_7,3_3,2_5,4_6,2_2,3_9,2_4,17,3_10,3_8,3_9,3_9,3_7,3_10,3_4,4_3,2_7,4_11,1_8,5_6,
F75.1_LV_L_B1,A,WR,B1,dodg,M,10,4_6,3_9,3_11,4_2,3_7,3_10,3_1,4_0,2_1,4_6,2_5,4_8,35,3_8,3_11,5_1,3_1,4_8,3_6,4_5,3_10,2_11,4_0,2_5,3_5,25,4_4,2_9,3_2,4_5,3_6,4_2,2_11,4_5,1_8,6_0,1_11,5_3,17,4_2,2_6,3_4,0_11,3_6,2_0,4_9,2_9,4_3,2_2,4_5,1_0,
F75.4_LV_L_B1,B,WO,B1,dodg,F,25,4_11,3_10,5_0,4_0,5_2,4_2,5_5,4_5,5_8,4_4,5_6,4_1,17,3_0,5_1,2_11,5_2,2_9,5_2,2_7,5_1,2_5,5_1,2_4,4_11,10,4_0,2_11,3_11,2_8,3_9,2_11,3_8,3_4,3_7,3_5,3_9,3_5,35,3_10,3_0,4_1,2_2,4_6,2_0,4_4,1_7,3_11,1_7,3_3,1_6,
F75.5_LV_L_B1,A,WG,B1,dodg,F,10,2_2,4_1,2_0,4_6,2_2,5_7,1_2,6_3,1_7,6_6,2_0,6_11,35,3_5,4_10,2_1,5_1,2_2,3_6,2_2,4_9,3_4,3_4,2_9,4_8,25,3_4,2_11,4_1,3_4,3_3,2_2,3_3,0_6,1_6,2_3,0_7,0_11,17,4_2,2_10,3_8,3_7,3_6,5_2,3_7,3_1,4_0,4_9,4_0,3_2,
F75.7_LV_L_B1,A,GrR,B1,dodg,,,,,,,,,,,,,,,,,,,,,,,,,,,,,,,,,,,,,,,,,,,,,,,,,,,,,,
F82.3_LV_L_C1,A,WB,C1,dodg,M,10,4_2,4_1,4_2,4_6,4_0,4_4,4_8,4_3,4_0,3_4,4_6,2_8,35,3_11,4_3,4_2,4_11,4_0,4_1,3_9,3_2,3_6,3_9,3_4,4_0,25,3_11,2_8,3_10,3_4,3_4,2_8,3_8,3_3,3_5,4_0,4_2,3_2,17,3_7,1_11,2_7,3_1,2_4,1_0,3_10,1_8,4_4,1_6,3_5,2_2,
F01B.1_LV_L_C1,B,WR,C1,dodg,F,25,4_7,4_6,3_8,4_6,2_10,4_2,3_7,3_3,3_6,2_7,3_2,1_4,17,3_9,3_11,2_10,3_7,2_6,3_1,3_3,2_3,4_7,1_3,3_11,2_4,10,3_10,3_7,3_11,3_1,3_5,2_1,3_0,1_7,2_11,1_9,3_9,1_2,35,4_2,3_8,5_0,2_4,4_4,2_3,5_7,1_6,5_4,1_6,4_10,0_6,
F01B.2_LV_L_C1,B,WB,C1,dodg,M,25,2_9,2_0,3_0,4_0,2_9,1_8,2_11,3_2,2_9,5_9,2_7,4_10,17,3_8,4_0,2_4,3_9,2_8,2_3,1_4,2_4,2_7,1_10,2_3,3_3,10,3_10,3_2,3_6,3_5,3_9,4_2,3_9,4_9,3_2,3_0,3_3,1_3,35,4_0,2_9,2_10,1_10,3_9,2_2,2_0,1_5,1_6,2_6,3_4,4_5,
F01B.5_LV_L_C1,A,WG,C1,dodg,F,10,4_0,5_0,4_0,4_10,3_10,4_11,2_10,5_8,2_8,5_3,2_3,5_4,35,3_6,4_2,4_1,2_11,3_7,2_2,4_5,1_11,4_0,2_1,3_4,1_3,25,3_11,3_4,3_9,3_6,2_10,4_8,2_7,3_1,3_3,2_1,4_2,2_7,17,4_2,2_7,4_3,3_3,3_9,3_6,3_0,3_0,1_6,4_0,1_3,3_2,
FX1.1_LV_L_C1,A,WR,C1,dodg,M,10,3_11,3_10,4_0,4_3,3_8,4_8,2_7,4_10,2_10,4_2,1_5,4_4,35,3_8,4_1,2_8,3_9,2_11,4_10,3_6,5_1,3_8,3_2,3_7,1_4,25,3_5,2_0,2_3,3_3,1_9,1_5,1_2,3_11,3_8,4_7,1_5,4_7,17,4_9,3_11,3_6,2_4,1_3,4_0,2_9,2_4,4_9,0_9,2_10,2_0,
FX1.7_LV_L_C1,B,WB,C1,dodg,M,,,,,,,,,,,,,,,,,,,,,,,,,,,,,,,,,,,,,,,,,,,,,,,,,,,,,
FX1.8_LV_L_C1,A,WO,C1,dodg,M,10,3_9,4_3,3_7,4_6,3_6,4_7,3_3,4_7,2_7,4_10,3_1,4_8,35,3_7,4_9,3_7,5_1,3_4,4_11,3_2,4_8,2_11,4_8,2_11,4_10,25,4_3,3_8,4_9,3_3,5_10,2_7,5_9,2_3,4_10,2_2,3_11,1_4,17,4_0,2_7,3_8,3_1,3_5,2_6,4_7,2_3,3_3,3_2,3_4,2_0,
FX1.9_LV_L_C1,B,WG,C1,dodg,F,25,5_2,3_10,5_1,4_7,4_5,4_11,3_9,5_2,3_7,5_7,3_0,6_9,17,3_2,4_2,2_8,4_8,2_4,3_8,3_11,4_4,2_8,2_3,4_5,2_5,10,4_2,2_8,4_2,2_10,4_0,2_9,3_5,2_6,3_5,1_10,3_8,2_11,35,4_2,3_3,4_3,3_8,4_8,4_8,6_1,3_6,5_8,3_11,4_11,4_1,
FX1.12_LV_L_C1,A,GrR,C1,dodg,M,10,3_8,3_8,3_11,2_7,3_11,3_4,3_9,4_3,4_0,5_3,4_1,6_0,35,4_9,4_3,5_1,3_2,5_5,2_4,5_6,1_2,4_8,1_5,3_7,1_4,25,3_8,2_1,3_1,2_11,2_5,3_10,2_4,4_8,1_11,4_1,2_1,2_5,17,4_10,2_0,4_2,2_0,4_10,3_5,4_6,4_9,2_11,3_8,1_1,3_4,
F76.1_HV_S_C1,B,WR,C1,dodg,M,25,3_8,3_2,3_4,3_4,2_10,2_7,2_7,3_2,2_8,3_7,3_2,4_1,17,4_0,4_2,3_9,4_6,2_11,5_0,4_0,4_0,3_5,4_4,4_1,2_9,10,4_1,3_11,3_3,2_8,3_8,3_6,2_4,3_4,2_10,3_3,2_0,2_4,35,3_9,3_0,3_6,3_5,3_8,3_10,3_0,4_4,2_8,4_0,2_1,3_10,
F76.2_HV_S_C1,A,WY,C1,dodg,M,10,3_10,4_5,4_1,4_8,4_2,4_10,4_3,4_10,4_6,4_11,4_7,4_7,35,3_9,3_10,4_1,3_8,4_9,3_3,4_2,3_3,3_11,3_8,3_9,3_4,25,3_6,2_7,3_4,2_7,2_10,2_7,2_8,2_7,2_7,2_8,2_3,2_7,17,3_11,2_11,5_1,3_7,4_6,3_4,4_8,2_6,4_6,1_7,4_4,2_6,
F76.3_HV_S_C1,B,WB,C1,dodg,F,25,2_6,4_6,1_7,6_0,2_3,6_11,1_4,6_3,1_5,6_2,3_1,5_8,17,4_0,3_8,2_3,2_10,1_9,2_10,0_2,3_8,1_10,2_11,2_11,3_1,10,3_3,2_10,4_4,2_9,5_5,0_10,4_4,1_1,3_3,1_3,4_3,1_10,35,4_8,2_9,3_5,3_5,2_6,5_8,1_6,4_1,2_5,1_7,3_10,1_3,
F45B.3_HV_S_A1,A,WB,A1,dodg,F,,,,,,,,,,,,,,,,,,,,,,,,,,,,,,,,,,,,,,,,,,,,,,,,,,,,,
F45B.5_HV_S_A1,B,WG,A1,dodg,M,,,,,,,,,,,,,,,,,,,,,,,,,,,,,,,,,,,,,,,,,,,,,,,,,,,,,
F45B.6_HV_S_A1,A,WP,A1,dodg,F,,,,,,,,,,,,,,,,,,,,,,,,,,,,,,,,,,,,,,,,,,,,,,,,,,,,,
F45B.12_HV_S_A1,A,GrP,A1,dodg,M,10,3_6,4_8,3_4,4_9,3_0,4_9,3_0,4_1,3_2,4_1,3_5,4_2,35,3_7,3_8,3_5,3_8,2_5,3_9,1_6,3_9,0_10,3_11,0_11,3_5,,,,,,,,,,,,,,,,,,,,,,,,,,,dead at third trial
F4.3_HV_S_A1,A,WB,A1,dodg,M,10,4_3,4_1,3_10,4_6,3_10,5_2,2_9,5_0,1_4,6_1,1_9,5_6,35,3_7,4_3,2_7,3_5,1_4,2_6,0_1,3_5,1_3,5_1,1_0,6_10,25,3_9,2_10,4_5,1_11,3_6,3_7,2_9,4_1,2_10,3_3,3_8,2_9,17,3_4,2_10,3_0,3_8,3_2,3_10,3_9,4_0,3_11,3_11,4_5,2_9,
F4.4_HV_S_A1,B,WO,A1,dodg,F,25,3_11,3_9,2_5,4_7,1_7,6_0,0_6,4_7,0_9,6_1,0_7,5_9,17,3_3,4_7,3_4,3_9,4_1,4_4,3_0,4_9,2_8,3_7,1_4,2_9,10,4_1,3_10,4_9,2_9,4_9,3_4,4_9,3_10,5_9,1_9,4_11,2_5,35,4_3,3_2,3_9,3_6,2_1,3_2,1_2,2_2,1_6,1_4,1_3,2_8,
F4.5_HV_S_A1,B,WG,A1,dodg,F,25,4_1,3_4,4_0,4_9,3_2,4_5,2_6,4_2,2_7,5_5,1_1,5_6,17,4_7,4_6,3_10,4_3,2_11,4_3,1_6,4_8,2_0,3_4,0_3,3_1,10,5_2,3_8,3_9,2_3,2_7,2_5,0_5,3_0,1_2,3_5,2_5,2_7,35,3_5,2_5,2_9,2_6,2_6,3_3,3_10,1_10,4_8,1_8,5_3,2_0,
F4.7_HV_S_A1,A,GrR,A1,dodg,M,10,3_6,4_8,5_3,4_1,3_3,4_8,3_9,4_8,3_7,4_7,3_6,4_0,35,4_0,4_7,5_1,2_9,4_0,1_2,3_0,2_2,1_8,4_1,0_11,2_2,25,4_0,2_7,1_10,2_7,4_0,2_3,3_2,0_3,1_9,3_1,1_7,0_5,17,3_10,1_11,4_1,1_8,4_8,0_4,4_1,0_8,3_3,2_11,4_6,2_3,
F28.2_HV_S_A1,B,WY,A1,dodg,M,25,3_11,2_7,2_6,1_6,1_11,3_1,3_0,1_4,1_10,2_6,3_9,2_6,17,3_1,4_11,3_0,4_11,3_0,4_8,2_11,3_11,3_9,4_4,3_10,5_1,10,4_7,3_8,4_3,2_5,3_7,3_8,2_10,4_5,3_2,3_10,1_11,3_9,35,4_1,4_4,3_8,4_11,4_6,4_11,3_8,3_8,2_4,2_7,0_9,3_3,
F28.4_HV_S_A1,A,WO,A1,dodg,M,10,3_7,4_0,3_8,3_8,4_1,3_10,3_3,4_0,1_8,5_6,1_8,4_8,35,4_1,4_1,3_7,4_6,1_10,4_10,2_7,4_1,5_0,3_10,2_10,3_8,25,3_11,3_6,5_2,3_4,6_3,2_4,6_0,2_0,5_4,1_4,5_0,1_9,17,4_4,2_6,3_1,1_11,3_11,1_7,4_8,0_8,4_7,1_5,4_2,0_0,
F48.1_HV_S_A1,B,WR,A1,dodg,M,25,4_2,3_1,3_11,3_1,3_1,3_4,1_3,3_3,2_6,3_7,1_11,5_1,17,4_8,3_9,3_1,4_7,3_11,3_4,2_10,1_10,3_8,0_11,3_8,1_10,10,3_7,3_2,3_6,3_2,2_11,3_3,2_9,1_11,2_11,1_5,3_10,3_2,35,1_4,1_10,1_7,3_6,2_7,3_4,2_1,5_6,3_4,6_1,4_9,5_4,
F48.2_HV_S_A1,A,WY,A1,dodg,F,10,3_7,4_6,2_6,4_5,2_6,2_7,1_5,3_2,1_5,2_10,2_10,3_5,35,4_5,4_7,3_8,4_2,4_6,5_1,3_2,4_9,2_5,4_4,1_4,4_8,25,4_4,1_11,4_0,1_6,3_9,0_2,4_7,1_7,3_6,0_6,4_9,0_9,17,3_11,3_5,2_4,4_0,2_10,3_9,2_11,6_0,2_4,4_2,1_11,6_0,
F48.4_HV_S_A1,B,WO,A1,dodg,F,25,3_10,4_9,3_1,3_11,2_10,2_7,3_1,1_1,3_4,1_10,2_9,2_6,17,3_7,5_1,4_0,4_3,2_5,4_2,4_10,4_2,4_11,2_10,3_4,1_5,10,4_3,3_9,5_1,3_4,4_10,2_7,2_8,3_11,4_2,4_1,3_8,2_8,35,4_2,3_7,3_3,2_4,2_0,1_6,3_10,1_9,5_11,2_3,4_9,1_10,
F48.6_HV_S_A1,A,WP,A1,dodg,M,10,4_1,3_4,3_2,4_8,3_7,4_4,3_8,3_6,3_11,3_1,4_11,3_8,35,3_7,4_8,2_5,3_7,0_7,3_3,0_9,4_6,0_10,5_6,0_11,5_0,25,4_3,2_8,3_7,2_7,3_4,1_11,2_9,0_6,3_8,2_6,2_10,2_7,17,2_10,2_2,4_7,2_6,5_2,0_7,3_10,1_1,2_9,1_4,4_4,2_2,
F48.8_HV_S_A1,B,GrY,A1,dodg,M,25,4_7,4_0,3_11,4_5,2_8,4_7,0_3,4_1,0_11,3_11,1_2,1_7,17,3_4,3_11,1_11,5_0,1_8,1_9,4_3,3_1,6_2,4_1,6_6,2_6,10,4_3,3_7,3_11,4_6,4_1,3_6,3_5,4_6,2_3,2_10,3_3,2_8,35,3_2,2_10,1_7,2_5,1_1,3_8,1_4,3_5,1_5,3_1,2_3,1_3,
F7.2_HV_S_B1,A,WY,B1,dodg,M,10,3_11,4_5,3_8,3_8,3_0,4_0,3_5,2_10,3_1,2_9,3_9,3_7,35,5_4,4_8,5_6,3_10,5_8,2_8,5_8,2_6,4_6,2_6,5_3,2_3,25,3_2,2_7,2_6,3_4,2_3,3_8,1_1,3_1,1_5,3_2,1_5,4_6,17,4_3,3_4,4_7,3_8,4_9,3_4,4_5,3_2,2_5,2_7,2_6,0_9,
F7.3_HV_S_B1,B,WB,B1,dodg,M,25,4_6,3_11,4_3,3_8,2_9,3_2,3_9,3_5,4_2,4_9,3_6,3_2,17,4_1,3_5,4_0,3_6,4_2,2_9,3_8,1_6,3_10,2_2,3_7,3_4,10,3_8,2_11,3_11,3_4,3_5,3_10,3_1,4_2,2_1,4_7,1_7,2_11,35,3_11,2_7,4_4,3_6,4_4,4_1,4_1,4_9,3_10,5_1,4_2,6_1,
F7.4_HV_S_B1,A,WO,B1,dodg,M,10,3_8,4_11,4_9,4_0,4_6,4_3,4_10,4_5,2_11,3_7,1_10,5_0,35,0_11,3_4,0_10,4_0,0_7,4_9,1_5,3_6,1_8,2_11,2_1,2_6,25,4_0,4_4,4_2,4_4,2_0,4_2,4_0,3_2,3_5,3_2,3_3,2_5,17,4_0,2_6,3_7,2_10,3_10,3_0,4_8,3_10,4_6,3_9,2_6,4_2,
F37.2_HV_S_A1,B,WY,A1,dodg,M,25,4_1,3_7,3_5,4_6,4_10,3_4,4_3,4_10,4_6,4_3,6_0,2_7,17,3_1,4_9,3_3,4_4,2_1,3_4,3_9,2_6,3_3,2_9,2_5,2_0,10,3_2,2_10,3_10,1_10,5_1,1_8,3_1,2_6,2_2,0_3,2_4,0_5,35,4_3,2_0,1_7,2_0,1_9,2_9,2_5,5_0,2_11,4_4,1_3,5_6,
F37.3_HV_S_A1,A,WB,A1,dodg,M,10,3_6,3_9,4_4,3_3,3_11,1_10,4_1,1_3,3_4,0_11,3_3,1_10,35,2_1,4_2,2_8,2_10,0_8,3_11,0_7,2_9,1_4,4_9,1_8,6_5,25,4_0,2_11,2_9,4_6,3_0,2_4,3_3,0_4,2_11,0_3,2_2,1_6,17,3_9,2_6,1_5,2_9,2_3,5_2,3_10,4_2,3_1,2_3,2_10,0_2,
F37.4_HV_S_A1,B,WO,A1,dodg,F,25,4_0,3_1,3_9,3_10,4_10,4_9,5_7,5_8,4_1,4_7,4_1,5_8,17,3_5,4_11,3_5,4_7,3_8,3_7,4_7,2_10,4_0,3_4,4_10,2_3,10,3_7,2_11,4_10,3_9,3_3,4_5,1_9,3_7,2_7,1_8,3_8,0_8,35,2_8,1_3,4_8,2_6,4_1,2_1,4_8,3_7,4_7,2_7,4_7,1_11,
F37.5_HV_S_A1,A,WG,A1,dodg,M,10,4_11,4_4,5_1,4_11,4_8,5_4,4_11,4_11,4_5,4_5,4_4,4_10,35,4_5,4_2,1_11,2_10,0_4,4_6,0_7,5_7,1_2,6_1,1_0,4_11,25,3_10,2_1,3_2,2_5,1_10,3_4,2_0,2_10,2_0,3_10,1_9,5_5,17,4_0,2_10,3_11,1_5,2_11,2_8,2_0,3_11,2_11,1_11,4_6,0_7,
F37.6_HV_S_A1,B,WP,A1,dodg,M,25,4_8,3_11,3_10,3_11,3_8,3_4,5_0,4_2,4_0,5_3,2_7,5_1,17,2_11,4_8,2_1,4_8,1_10,4_9,1_7,3_2,1_9,3_2,1_11,3_0,10,3_7,2_11,3_3,2_10,2_10,3_0,3_5,2_0,4_11,0_8,4_7,1_5,35,2_4,3_6,2_5,1_8,1_5,2_9,3_5,2_7,1_8,1_7,3_1,2_0,
F20A.1_HV_S_A1,A,WR,A1,dodg,F,10,4_4,2_11,3_9,1_7,3_5,2_4,2_9,1_7,3_0,2_3,4_2,2_7,35,2_9,5_7,3_0,3_11,5_0,3_9,5_0,1_7,4_0,1_2,2_7,2_2,25,4_0,2_6,3_6,4_0,3_6,2_2,2_11,0_3,3_6,1_3,1_11,1_10,17,3_5,2_10,2_1,1_10,0_10,2_3,1_1,3_1,2_0,3_4,2_4,4_5,
F20A.2_HV_S_A1,B,WY,A1,dodg,F,25,4_8,3_3,3_7,2_11,3_6,5_6,2_4,3_9,2_10,2_7,1_11,4_3,17,3_7,4_6,4_2,3_4,2_0,3_10,3_3,3_9,4_11,5_4,4_5,2_5,10,4_1,3_11,4_1,3_10,4_1,3_9,4_7,3_9,4_4,2_2,4_8,3_3,35,3_11,3_7,3_10,3_1,3_3,3_4,2_2,2_10,2_11,2_8,2_5,2_7,
F20A.5_HV_S_A1,A,WG,A1,dodg,F,10,4_7,4_7,5_4,4_2,5_4,2_10,4_2,2_3,3_5,2_7,4_3,2_6,35,2_8,4_1,2_5,3_0,0_5,3_5,1_1,2_4,0_3,3_2,0_10,3_4,25,4_6,2_10,4_10,0_11,3_5,3_4,4_0,0_5,4_8,2_0,3_6,1_4,17,3_5,3_0,2_6,3_3,2_5,1_10,1_4,2_0,2_2,1_6,1_5,0_6,
F20A.6_HV_S_A1,B,WP,A1,dodg,F,25,5_7,4_1,4_3,5_1,3_3,6_7,1_5,5_8,3_1,6_4,3_2,4_8,17,3_11,4_10,2_3,4_8,1_2,5_10,2_4,5_3,3_0,3_3,1_6,3_5,10,3_10,3_6,3_0,2_3,5_6,1_10,4_4,2_5,3_8,2_4,1_11,3_0,35,2_11,1_1,1_10,1_8,1_10,1_11,2_1,1_2,3_7,1_8,4_10,0_4,
F20A.8_HV_S_A1,A,GrY,A1,dodg,M,10,4_3,3_11,4_3,4_1,4_2,4_2,4_2,4_4,3_1,3_3,2_3,3_0,35,3_11,4_3,4_10,3_10,4_6,4_2,3_5,3_4,2_7,3_5,2_4,3_11,25,3_7,2_0,2_4,3_11,3_8,2_11,2_10,2_10,1_1,2_11,1_2,4_6,17,3_10,3_2,2_5,3_0,2_0,1_10,3_4,1_2,2_0,0_9,3_7,0_6,
F20A.9_HV_S_A1,A,GrB,A1,dodg,M,10,3_10,5_0,3_1,4_8,2_5,5_4,2_9,4_10,3_10,5_3,4_8,4_6,35,3_5,4_4,3_3,4_4,2_10,5_3,1_7,6_1,1_6,5_2,1_0,4_1,25,3_0,2_4,3_2,4_0,2_4,2_1,2_3,3_2,2_10,1_10,1_3,3_10,17,3_9,4_0,3_6,2_8,3_4,2_2,3_4,2_3,2_9,2_11,2_8,1_10,
F20A.10_HV_S_A1,B,GrO,A1,dodg,M,25,4_6,3_8,4_6,4_5,4_6,3_9,4_0,3_6,4_2,2_2,2_7,2_5,17,3_4,3_11,3_8,2_11,4_3,3_7,3_4,3_10,2_6,2_11,2_5,1_1,10,4_3,3_8,4_2,3_6,4_1,3_11,3_8,3_4,2_9,4_6,1_6,3_2,35,4_0,3_5,4_1,2_5,4_0,3_8,2_9,5_1,2_1,4_3,1_2,2_11,
F20A.12_HV_S_A1,B,GrP,A1,dodg,M,25,4_3,4_6,2_6,4_11,2_9,4_10,2_2,5_4,1_9,6_2,1_6,6_0,17,3_10,4_6,3_8,4_5,2_11,4_1,1_4,4_7,2_6,4_0,1_6,3_4,10,3_5,3_1,3_10,3_4,4_2,2_4,3_2,2_11,4_0,1_4,3_9,1_10,35,4_9,3_6,4_4,3_5,4_2,3_8,3_5,4_3,3_9,4_8,3_11,4_10,
F20A.13_HV_S_A1,A,GrY,A1,dodg,F,10,3_7,4_6,3_7,2_11,2_6,4_6,0_8,1_6,2_6,3_7,4_3,2_3,35,2_11,6_3,3_1,5_10,2_1,5_6,1_2,3_8,2_8,3_11,4_0,4_6,25,3_8,2_5,3_4,2_7,3_1,3_1,3_4,5_6,3_9,4_11,3_3,4_4,17,4_1,3_4,2_8,2_5,3_10,1_11,5_4,0_10,5_0,0_6,3_11,0_4,
F71.1_HV_S_C1,B,WR,C1,dodg,F,,,,,,,,,,,,,,,,,,,,,,,,,,,,,,,,,,,,,,,,,,,,,,,,,,,,,
F71.3_HV_S_C1,A,WB,C1,dodg,M,10,3_5,3_11,3_10,4_5,3_4,4_7,2_1,5_11,1_7,5_11,1_6,5_2,35,2_5,4_1,1_7,4_0,2_2,5_8,1_3,6_11,0_8,5_11,1_6,5_4,25,4_2,2_4,3_10,2_6,3_8,2_6,3_6,2_9,2_10,3_4,2_3,3_4,17,3_8,3_4,3_1,3_1,3_2,4_2,4_10,3_8,3_7,3_8,2_9,5_4,
F71.4_HV_S_C1,B,WO,C1,dodg,M,25,3_11,3_9,3_8,4_0,3_0,4_11,1_0,4_0,1_3,3_9,2_6,3_11,17,3_0,2_7,2_6,1_10,3_6,2_8,2_8,1_11,1_9,2_7,3_0,0_9,10,3_6,2_9,2_9,1_6,2_8,1_11,4_2,1_6,5_8,2_8,3_6,1_8,35,4_7,3_4,4_6,3_7,3_7,3_8,3_11,4_4,4_1,5_10,3_5,5_5,
F38C.2_HV_S_B1,A,WY,B1,dodg,F,10,4_3,3_5,3_5,3_2,3_2,3_10,3_6,3_10,2_8,4_0,2_5,1_11,35,4_5,3_8,4_11,1_10,2_6,2_3,1_7,4_2,2_8,2_2,2_4,4_2,25,3_2,2_0,5_0,2_2,3_4,0_10,1_10,1_3,2_5,4_6,1_6,1_7,17,4_1,3_3,4_3,4_1,3_6,1_1,2_4,1_4,1_2,2_6,1_3,0_4,
F38C.3_HV_S_B1,B,WB,B1,dodg,F,25,4_8,5_4,4_7,5_6,4_10,5_3,5_4,5_11,4_6,5_8,3_7,6_2,17,3_11,4_8,2_9,4_11,3_9,5_4,3_5,5_0,2_0,5_6,2_3,4_9,10,4_1,3_2,4_0,2_7,4_6,3_7,2_6,3_8,2_0,1_7,2_11,0_5,35,4_4,3_8,4_2,3_3,3_6,3_0,2_11,3_5,3_10,2_6,4_5,1_6,
F42.1_HV_L_A1,B,WR,A1,dodg,F,25,4_7,4_4,4_4,3_5,3_11,2_11,3_8,1_11,3_0,1_6,3_5,2_5,17,4_2,4_3,4_0,3_8,3_7,3_4,4_5,4_1,4_0,4_1,5_1,4_4,10,3_9,3_5,3_1,3_1,3_2,4_3,3_0,4_11,3_6,5_4,4_0,4_6,35,3_6,4_4,3_1,4_10,3_1,4_7,3_7,4_6,3_3,4_2,2_8,3_7,
F42.2_HV_L_A1,A,WY,A1,dodg,M,10,3_5,4_0,3_7,3_9,3_0,2_6,2_5,3_0,1_11,4_7,1_3,3_3,35,3_10,4_4,4_11,2_8,4_2,3_1,3_2,3_5,4_10,2_10,6_2,2_5,25,3_3,3_2,3_7,3_3,3_2,3_4,3_2,4_3,1_8,2_3,2_5,5_4,17,4_3,2_8,4_2,3_3,2_10,3_3,3_2,1_11,3_3,0_8,4_9,0_11,
F42.4_HV_L_A1,B,WO,A1,dodg,M,25,4_4,3_10,3_3,4_3,1_11,4_10,2_0,3_6,2_8,4_10,2_9,2_6,17,3_4,4_5,3_7,4_3,4_0,3_7,3_5,2_4,4_10,1_6,3_9,2_6,10,4_2,2_8,4_4,2_8,4_8,2_10,4_9,2_8,4_3,2_11,4_3,3_1,35,4_3,2_6,3_10,2_4,3_6,2_9,3_11,3_6,3_6,2_11,3_11,1_8,
F42.5_HV_L_A1,A,WG,A1,dodg,F,10,3_5,4_10,3_2,4_11,3_7,5_7,3_4,5_8,3_11,4_6,4_4,5_3,35,3_8,4_2,2_7,3_10,2_2,3_0,2_2,2_5,1_11,1_10,1_11,1_5,25,4_4,3_4,4_7,2_2,4_2,3_4,3_1,4_1,1_8,3_4,2_4,2_2,17,3_11,3_3,3_9,2_4,3_11,2_9,2_9,3_2,3_10,2_9,3_9,1_9,
F42.6_HV_L_A1,B,WP,A1,dodg,F,25,5_0,4_6,4_10,5_10,4_4,5_0,3_8,5_4,4_5,5_5,3_8,5_6,17,3_3,4_11,2_10,4_10,3_0,5_0,3_2,5_4,3_8,5_5,4_0,5_7,10,3_9,2_10,4_3,3_3,4_1,3_4,3_9,3_4,3_3,3_4,3_3,3_11,35,4_2,2_8,3_11,2_6,4_0,2_10,2_11,3_2,3_4,4_4,3_0,4_9,
F42.7_HV_L_A1,A,GrR,A1,dodg,F,10,4_7,4_7,4_6,5_0,3_9,3_7,3_0,4_10,3_1,5_6,3_4,3_11,35,3_1,4_0,2_10,3_5,2_7,2_9,1_10,2_1,1_4,1_3,1_5,1_1,25,3_6,3_2,3_5,3_0,3_2,2_11,2_7,1_11,2_7,0_11,3_2,1_10,17,3_11,3_5,3_9,2_2,2_8,2_7,4_6,2_2,3_10,1_7,4_1,2_1,
F42.8_HV_L_A1,B,GrY,A1,dodg,M,25,4_6,3_8,4_1,4_1,3_6,4_3,3_4,3_5,3_2,2_5,3_2,3_4,17,3_0,4_0,3_3,3_4,3_5,2_9,,,,,,,10,4_0,3_2,3_11,2_10,4_2,3_2,4_1,3_4,3_9,3_3,3_6,3_5,35,4_7,1_7,3_11,1_11,3_3,2_0,2_11,2_5,3_6,1_10,3_2,1_4,would not jump to complete second trial
F42.9_HV_L_A1,A,GrB,A1,dodg,F,10,3_8,4_0,3_6,3_11,3_3,3_11,3_0,3_10,2_10,3_6,2_3,3_4,35,3_2,5_2,3_7,5_2,3_5,5_2,3_4,5_0,4_0,5_1,4_10,4_8,25,3_8,2_4,3_7,2_6,3_6,2_8,3_5,3_9,2_0,3_0,3_1,1_3,17,3_9,3_6,3_4,4_0,2_1,3_7,3_0,2_4,2_10,1_1,1_6,1_10,
F42.10_HV_L_A1,B,GrO,A1,dodg,M,25,4_7,4_4,4_0,4_9,3_3,5_2,3_4,5_7,3_2,4_11,3_2,5_4,17,3_2,5_0,3_2,5_1,3_1,5_5,2_8,5_10,1_9,6_3,1_5,6_2,10,3_8,3_7,3_10,3_11,3_4,4_3,2_6,3_11,2_1,3_10,2_1,4_0,35,3_10,3_3,3_7,3_4,3_5,3_6,3_9,3_7,4_2,3_2,3_11,2_2,
F5.1_HV_L_A1,A,WR,A1,dodg,M,,,,,,,,,,,,,,,,,,,,,,,,,,,,,,,,,,,,,,,,,,,,,,,,,,,,,
F5.2_HV_L_A1,B,WY,A1,dodg,M,25,4_0,3_2,3_6,3_11,2_11,4_6,1_11,3_9,2_8,6_0,1_1,6_3,17,4_2,3_7,3_0,4_7,5_3,4_3,3_0,2_4,4_10,0_10,3_0,2_9,10,4_0,2_9,4_0,3_0,4_1,3_2,3_7,3_4,3_8,4_8,4_5,4_10,35,3_4,3_1,2_7,3_0,3_8,2_9,4_4,3_4,5_0,1_4,6_1,2_1,
F5.3_HV_L_A1,A,WB,A1,dodg,F,10,4_5,3_11,5_2,4_4,4_6,3_9,3_11,3_1,3_0,5_1,1_11,3_8,35,3_10,4_10,2_8,3_9,1_4,4_8,3_0,2_7,3_11,4_1,5_11,3_0,25,3_11,2_3,3_4,3_10,1_4,2_11,1_2,2_9,1_5,3_7,2_5,3_4,17,3_11,3_3,2_9,3_11,2_8,2_10,4_8,2_9,3_2,1_4,4_5,0_7,
F55.1_HV_L_B1,B,WR,B1,dodg,M,25,4_10,3_9,4_8,6_2,4_6,5_8,2_10,4_7,2_6,3_0,1_5,2_4,17,4_4,4_1,2_8,3_7,1_9,1_11,3_6,2_7,2_3,2_2,1_8,1_0,10,3_10,3_7,3_6,4_4,1_11,5_5,0_11,4_8,1_8,3_2,1_4,2_11,35,5_4,1_1,3_8,3_1,2_4,5_5,3_9,4_9,2_9,4_7,3_4,4_8,
F55.2_HV_L_B1,A,WY,B1,dodg,F,10,3_1,4_1,3_5,5_0,2_9,4_3,1_9,4_6,2_7,4_5,1_10,4_5,35,4_1,4_3,3_10,4_3,3_0,4_4,2_2,4_8,2_7,5_8,3_2,4_3,25,4_3,2_3,4_1,2_2,3_5,1_3,1_10,0_4,0_8,1_2,2_2,0_11,17,1_7,2_4,2_5,4_5,2_4,2_2,4_6,1_7,2_1,2_7,3_11,1_1,
F38D.2_HV_L_B1,B,WY,B1,dodg,F,25,4_0,3_7,3_1,4_5,2_6,3_6,1_1,2_8,1_7,4_9,3_6,4_4,17,4_2,4_0,4_4,2_10,4_0,1_0,3_6,1_2,1_7,1_3,3_3,1_0,10,4_2,4_6,4_7,1_10,4_7,2_4,6_4,2_2,5_3,2_1,3_2,2_2,35,2_3,1_10,1_0,2_0,1_2,2_8,1_8,4_6,1_5,3_6,1_5,3_11,
F40.1_HV_L_B1,B,WR,B1,dodg,M,25,4_4,3_6,4_6,4_4,4_1,5_4,3_3,6_3,1_5,6_2,2_7,6_3,17,3_11,4_7,3_4,4_7,4_5,2_5,2_6,1_5,1_1,2_7,1_4,3_6,10,3_9,4_4,3_6,3_2,3_5,3_1,3_6,2_11,4_0,3_11,2_9,3_9,35,4_4,3_4,2_5,3_10,3_4,2_7,2_4,2_4,3_11,2_6,3_9,0_8,
F40.2_HV_L_B1,A,WY,B1,dodg,F,10,4_1,4_9,4_5,3_8,4_10,2_10,3_8,2_10,2_7,1_11,3_3,1_1,35,4_8,4_11,3_10,4_6,5_4,4_8,4_8,5_2,3_11,4_4,2_11,3_8,25,3_10,3_4,2_0,3_4,2_8,1_9,1_2,2_8,1_10,4_8,3_0,5_8,17,4_7,2_9,2_8,2_11,3_8,4_1,4_8,5_8,3_4,5_3,1_8,3_9,
F40.3_HV_L_B1,B,WB,B1,dodg,M,,,,,,,,,,,,,,,,,,,,,,,,,,,,,,,,,,,,,,,,,,,,,,,,,,,,,
F40.5_HV_L_B1,A,WG,B1,dodg,M,10,4_1,3_10,4_5,3_3,2_10,2_2,0_9,1_9,2_4,1_9,4_7,2_7,35,4_10,4_5,4_0,4_5,5_0,3_8,4_7,2_1,3_6,2_4,2_0,3_5,25,3_9,2_8,2_1,2_3,2_10,1_5,1_3,2_7,2_2,1_7,1_3,2_4,17,4_0,3_0,4_8,4_6,4_3,4_6,5_0,1_6,4_0,2_6,5_0,0_10,
F40.6_HV_L_B1,B,WP,B1,dodg,F,25,4_7,3_6,4_2,3_11,4_6,4_4,4_0,4_8,4_1,4_10,4_2,4_11,17,3_6,3_11,3_9,3_9,3_8,3_5,3_7,3_7,3_5,3_7,3_0,3_9,10,3_8,3_2,3_8,3_1,2_11,3_5,3_1,3_8,3_4,3_4,3_5,3_4,35,4_0,2_4,4_1,2_7,3_9,2_9,3_8,2_11,3_5,3_3,3_9,3_3,
F22.7_LV_S_A1,A,GrR,A1,dodg,M,10,4_1,4_10,3_9,5_3,2_8,6_2,2_11,3_10,2_2,6_0,1_8,6_6,35,3_5,5_1,1_8,5_2,3_5,3_11,2_1,1_11,0_4,2_8,1_2,0_11,25,3_10,3_10,5_2,2_1,4_8,2_0,4_7,1_4,4_3,1_10,3_6,1_2,17,3_9,3_2,3_10,2_7,2_2,1_5,2_2,3_0,2_6,2_6,2_7,3_4,
F8A.1_LV_S_A1,B,WR,A1,dodg,F,25,4_5,3_6,4_0,3_9,3_6,3_11,3_0,4_3,2_7,3_11,2_9,4_3,17,3_2,4_8,2_10,3_4,2_3,4_11,1_9,5_10,1_6,5_7,2_0,4_11,10,3_10,3_4,3_1,4_1,2_7,4_3,1_9,4_8,1_8,3_11,2_1,3_10,35,4_1,3_4,2_6,4_8,3_4,5_10,2_7,5_3,1_0,3_11,2_5,4_0,
F8A.2_LV_S_A1,B,WY,A1,dodg,M,25,4_8,3_11,5_4,4_6,5_3,5_9,5_0,5_7,4_0,4_6,3_5,3_7,17,3_11,4_5,4_7,4_8,4_6,3_8,6_2,3_4,5_0,3_8,4_0,2_8,10,3_3,3_4,3_4,3_4,3_5,3_5,3_8,4_1,4_0,2_4,3_10,3_5,35,4_0,3_2,4_1,3_7,4_2,3_4,3_9,4_11,3_6,5_0,2_10,5_5,
F8A.5_LV_S_A1,A,WG,A1,dodg,F,10,3_9,4_10,3_8,4_8,3_6,4_2,3_6,4_3,3_3,4_3,3_3,4_5,35,4_3,4_0,3_3,4_1,3_1,3_4,3_5,3_4,2_9,3_2,2_11,3_6,25,4_4,4_1,2_7,4_0,3_7,2_3,1_6,1_9,2_2,0_10,3_6,0_7,,,,,,,,,,,,,,dead at 4th measure
F8A.10_LV_S_A1,A,GrO,A1,dodg,M,10,3_6,4_5,3_6,3_10,3_6,3_9,4_4,3_7,3_7,4_2,3_4,4_7,35,4_1,4_3,3_4,4_4,2_7,4_9,1_11,5_1,0_9,4_11,1_9,4_2,25,3_7,3_3,4_4,2_8,4_3,2_3,4_7,1_0,5_0,2_3,4_5,2_4,17,4_0,2_8,3_7,2_7,4_9,3_0,2_11,3_1,2_3,2_7,2_4,3_1,
F8A.11_LV_S_A1,A,GrG,A1,dodg,F,10,4_6,3_8,4_3,3_8,4_3,3_3,3_8,2_10,2_11,2_11,2_9,3_10,35,3_8,4_2,4_8,3_3,3_6,2_11,4_9,2_3,3_0,2_1,2_4,3_8,25,4_0,4_0,2_11,4_7,2_5,2_9,2_4,3_11,2_4,1_9,3_8,1_1,17,3_10,3_8,4_0,2_4,3_7,3_2,3_2,3_6,2_2,2_6,2_2,4_2,
F25A.2_LV_S_A1,B,WY,A1,dodg,,,,,,,,,,,,,,,,,,,,,,,,,,,,,,,,,,,,,,,,,,,,,,,,,,,,,,
F63.3_LV_S_B1,A,WB,B1,dodg,,,,,,,,,,,,,,,,,,,,,,,,,,,,,,,,,,,,,,,,,,,,,,,,,,,,,,
F63.4_LV_S_B1,B,WO,B1,dodg,M,25,4_3,3_6,3_2,2_8,3_11,3_11,2_10,4_7,1_10,3_6,1_3,2_5,17,3_6,4_3,4_3,3_10,4_0,4_9,3_3,5_4,2_10,3_8,2_4,5_3,10,3_9,3_4,4_2,4_1,3_6,4_11,3_5,5_2,3_7,4_6,2_1,5_3,35,3_9,2_8,2_8,3_5,1_7,4_3,2_7,5_5,1_7,4_7,1_10,5_8,
F77B.1_HV_L_C1,A,WR,C1,dodg,F,10,3_10,4_7,3_11,4_5,3_11,3_9,3_4,3_10,3_5,4_1,3_8,3_4,35,4_5,4_0,3_1,3_11,4_1,3_11,4_2,3_1,4_3,2_9,4_11,2_1,25,4_7,3_4,4_9,3_3,4_9,2_7,4_8,1_4,4_3,2_2,3_4,2_8,17,3_2,3_1,2_8,1_3,1_11,2_1,2_11,1_3,2_6,2_6,2_9,2_2,
F77B.2_HV_L_C1,B,WY,C1,dodg,F,25,4_7,4_1,4_4,4_2,3_2,4_9,2_3,5_5,2_3,3_5,1_6,2_9,17,3_9,4_4,3_8,4_1,3_8,4_0,3_3,4_1,3_5,3_11,2_10,4_0,10,4_5,3_10,4_6,3_9,4_7,3_10,4_6,3_9,4_5,3_10,4_4,3_9,35,3_10,2_5,3_4,2_4,3_3,2_0,3_0,1_8,3_1,0_4,2_10,0_3,
F77B.3_HV_L_C1,B,WB,C1,dodg,F,25,4_7,4_4,4_10,,4_0,4_4,3_10,2_7,3_1,4_0,2_3,5_7,17,3_9,4_6,4_3,3_8,5_8,3_4,4_7,2_9,5_4,3_2,4_1,3_11,10,4_1,3_1,3_11,3_8,3_8,4_1,3_6,4_5,3_9,4_8,2_2,4_10,35,3_5,3_2,3_4,3_5,3_3,2_11,2_6,3_7,0_11,2_10,1_11,2_7,
FB1.1_HV_L_C1,A,WR,C1,dodg,F,,,,,,,,,,,,,,,,,,,,,,,,,,,,,,,,,,,,,,,,,,,,,,,,,,,,,dead
F43.1_LV_S_A1,B,WR,A1,dodg,,,,,,,,,,,,,,,,,,,,,,,,,,,,,,,,,,,,,,,,,,,,,,,,,,,,,,
F43.2_LV_S_A1,A,WY,A1,dodg,,,,,,,,,,,,,,,,,,,,,,,,,,,,,,,,,,,,,,,,,,,,,,,,,,,,,,
F49.1_HV_L_A1,B,WR,A1,dodg,F,25,4_10,4_2,3_5,5_6,4_7,5_10,3_11,6_1,3_4,5_8,3_11,4_6,17,3_5,4_11,3_6,4_2,2_9,4_7,1_8,5_0,1_7,4_8,2_4,5_7,10,4_0,3_1,4_2,3_2,4_2,3_4,4_3,3_6,4_6,3_6,4_8,3_9,35,4_0,2_8,2_9,3_1,2_4,2_3,2_8,2_3,1_4,1_9,1_0,3_3,
F49.2_HV_L_A1,A,WY,A1,dodg,M,10,3_7,4_9,2_4,3_11,3_7,3_8,3_11,1_10,2_5,2_5,1_4,3_5,35,3_5,5_0,2_2,6_0,3_5,5_1,5_6,4_3,6_3,4_1,5_9,1_9,25,3_3,1_4,3_1,2_0,2_9,4_3,3_3,4_0,2_6,1_10,1_8,2_0,17,4_3,3_6,5_6,3_3,3_4,3_10,2_9,2_2,4_3,2_1,4_4,1_7,
F49.3_HV_L_A1,B,WB,A1,dodg,F,25,4_9,3_9,5_0,4_1,3_1,3_11,0_10,3_10,1_4,2_7,2_2,3_9,17,4_3,3_10,3_10,5_1,2_0,5_10,1_9,4_9,1_2,2_8,2_7,2_10,10,4_3,3_1,4_1,2_11,4_1,3_0,3_2,4_2,2_0,4_2,3_0,3_5,35,3_10,2_4,3_7,1_9,2_11,1_9,3_5,3_3,4_9,2_5,5_1,1_9,
F49.4_HV_L_A1,A,WO,A1,dodg,M,10,3_7,4_8,3_3,5_0,4_5,2_0,4_1,3_0,4_4,3_1,5_6,1_9,35,2_8,4_1,2_7,2_6,3_2,2_1,3_0,2_3,1_1,0_9,2_1,0_8,25,3_8,2_0,4_0,2_1,3_11,1_11,4_7,1_9,3_1,0_3,3_11,2_0,17,3_9,2_10,4_5,1_8,3_10,2_0,1_6,0_8,3_6,1_8,2_11,0_9,
F49.5_HV_L_A1,A,WG,A1,dodg,M,10,4_8,4_0,4_8,4_2,5_8,4_9,5_9,5_3,4_10,4_10,4_5,3_8,35,3_10,5_2,3_5,5_4,2_10,5_4,2_3,5_6,1_3,5_7,1_8,5_4,25,3_2,2_1,3_0,2_2,3_2,2_4,2_6,2_5,2_8,2_6,2_11,3_0,17,3_10,3_4,2_7,3_2,4_0,2_7,5_5,2_3,4_8,2_0,6_0,3_0,
F49.6_HV_L_A1,B,WP,A1,dodg,F,25,4_6,3_5,4_7,4_10,3_3,3_11,2_10,4_8,3_4,3_8,3_6,2_10,17,3_11,4_6,1_9,5_8,3_0,4_4,4_1,2_5,2_10,3_2,1_0,3_4,10,4_4,3_7,4_0,3_6,4_2,2_11,4_6,1_3,3_4,1_10,3_6,2_7,35,3_11,3_0,4_6,4_2,3_11,4_4,2_4,4_7,1_6,4_7,1_8,4_6,
F20.1_HV_L_A1,A,WR,A1,dodg,,,,,,,,,,,,,,,,,,,,,,,,,,,,,,,,,,,,,,,,,,,,,,,,,,,,,,
F32B.1_HV_S_B1,B,WO,B1,dodg,F,,,,,,,,,,,,,,,,,,,,,,,,,,,,,,,,,,,,,,,,,,,,,,,,,,,,,DEAD
F32B.2_HV_S_B1,A,WG,B1,dodg,M,10,4_7,4_10,4_1,4_0,3_6,4_5,3_6,4_7,3_5,6_7,2_4,5_7,35,3_10,4_8,2_4,3_0,4_1,2_0,2_6,2_0,2_5,2_9,1_11,4_9,25,4_1,3_1,4_2,5_4,4_3,3_4,4_3,2_9,3_2,1_1,3_5,2_2,17,3_9,3_3,3_2,3_4,1_9,3_5,1_8,4_7,2_1,3_9,3_1,4_9,
F21.1_HV_L_A1,B,WR,A1,dodg,M,,,,,,,,,,,,,,,,,,,,,,,,,,,,,,,,,,,,,,,,,,,,,,,,,,,,,Leg missing
F21.2_HV_L_A1,A,WY,A1,dodg,M,10,3_9,3_8,1_6,1_10,0_8,3_1,1_6,1_6,3_3,1_2,2_1,0_10,35,3_5,2_9,3_8,1_9,4_4,1_8,3_10,3_10,4_4,3_7,5_2,4_2,25,4_3,2_3,2_8,0_3,3_7,0_3,3_7,0_6,4_4,2_0,3_7,0_10,17,4_6,3_6,5_7,1_9,5_2,1_11,3_0,2_2,2_9,3_0,3_4,1_4,
F01B.6_LV_L_C1,C,WY,C1,dodg,F,,,,,,,,,,,,,,,,,,,,,,,,,,,,,,,,,,,,,,,,,,,,,,,,,,,,,Leg missing
F15.4_HV_L_B1,D,WO,B1,dodg,F,10,4_3,4_4,4_7,4_3,5_8,4_7,4_8,4_1,4_2,3_8,4_3,2_7,17,3_6,3_5,2_11,3_8,2_10,4_6,2_5,4_3,1_5,4_4,1_4,5_0,35,3_5,4_5,2_11,4_10,3_0,4_2,2_8,4_1,2_9,3_7,2_2,3_3,25,3_6,4_2,3_2,4_4,3_0,4_2,3_7,4_5,3_6,4_11,2_9,4_8,
F18.1_LV_L_B1,C,WR,B1,dodg,M,17,3_10,4_3,3_2,3_11,3_5,3_6,2_10,4_7,3_6,5_8,3_4,5_10,10,3_7,4_8,4_6,4_6,4_7,4_7,5_6,5_0,5_9,4_8,5_7,4_5,35,3_10,4_0,4_7,5_2,4_1,5_8,4_9,5_7,5_6,6_1,4_9,6_10,25,3_7,3_1,2_10,2_11,2_7,2_0,3_0,2_9,1_8,4_2,1_10,4_9,
F18.2_LV_L_B1,D,WY,B1,dodg,M,10,3_6,4_3,3_6,4_5,3_6,4_8,3_9,4_4,3_6,4_2,2_7,4_3,17,3_6,3_0,3_4,3_3,3_3,4_2,2_10,3_8,3_5,3_7,3_1,4_2,25,3_7,5_0,4_4,4_11,4_4,4_10,4_5,4_9,4_6,4_7,4_9,4_4,35,3_4,4_10,3_3,5_3,2_11,5_4,2_8,5_3,2_5,5_1,2_10,4_4,
F18.3_LV_L_B1,C,WB,B1,dodg,M,17,3_6,3_10,2_7,4_2,4_4,4_10,5_11,3_11,3_8,5_0,5_2,6_6,10,3_9,4_3,2_5,4_4,2_8,5_4,3_0,3_2,2_9,5_0,3_5,2_10,35,4_0,3_11,3_11,4_3,4_6,4_1,5_2,5_10,3_2,5_11,4_0,5_11,25,4_3,3_8,3_9,3_2,3_3,4_5,3_0,5_9,3_3,6_9,3_0,6_10,
F18.6_LV_L_B1,D,WP,B1,dodg,M,10,3_6,4_8,3_5,4_8,3_5,4_9,3_4,4_8,3_5,4_8,3_5,4_7,17,3_3,3_10,3_2,3_11,3_1,4_0,3_1,4_1,3_2,4_0,3_3,4_1,,,,,,,,,,,,,,,,,,,,,,,,,,,missing leg at 3rd measurement
F18.7_LV_L_B1,C,GrR,B1,dodg,M,17,3_8,3_10,2_8,4_2,2_3,4_2,2_4,3_11,2_3,3_9,1_8,2_10,10,3_8,4_9,3_7,4_7,4_1,3_11,4_0,4_3,3_8,4_0,4_9,4_5,35,3_3,3_0,3_5,3_2,3_9,3_1,4_3,3_7,4_6,4_5,5_9,3_11,25,3_6,3_1,3_6,3_4,3_8,3_4,3_10,3_8,3_10,3_4,4_0,3_8,
F19.1_LV_L_A1,D,WR,A1,dodg,M,10,3_6,4_3,3_11,3_10,4_2,4_8,4_11,4_7,3_8,4_7,5_0,3_9,17,3_9,3_6,3_8,3_0,3_4,2_11,2_9,2_7,3_0,3_2,3_6,3_10,25,3_4,3_9,2_8,4_3,3_4,4_4,4_3,4_4,3_7,5_0,4_3,4_8,35,4_2,3_9,5_1,4_3,4_10,4_11,4_11,4_2,5_2,4_11,4_7,5_2,
F23.1_LV_L_A1,C,WR,A1,dodg,F,17,3_5,4_5,3_8,4_3,4_3,4_5,4_0,4_8,2_11,5_3,3_11,5_3,10,3_7,4_6,3_3,4_9,3_9,4_8,3_6,4_9,2_11,4_6,2_2,5_1,35,3_7,3_8,3_7,4_8,3_4,5_3,3_1,6_3,3_6,6_9,3_3,6_6,25,3_8,2_9,3_2,3_2,3_6,3_7,4_2,3_11,4_6,4_6,5_1,4_2,
F23.4_LV_L_A1,D,WO,A1,dodg,M,10,3_7,4_9,4_1,4_3,4_11,4_3,4_7,5_0,3_4,5_0,3_11,2_10,17,3_3,3_3,2_5,2_3,3_1,1_3,4_0,2_0,5_0,2_8,3_6,2_8,25,3_7,4_7,4_0,4_0,5_2,2_11,5_5,3_10,5_2,4_10,3_3,4_6,35,3_6,3_5,2_8,4_2,2_6,5_7,1_8,4_6,2_8,4_7,1_8,6_0,
F27.3_LV_L_A1,C,WO,A1,dodg,M,17,3_7,3_2,3_6,3_0,3_2,2_4,3_0,2_8,3_6,3_0,3_11,2_11,10,3_1,3_8,3_0,3_7,3_0,3_10,3_6,2_11,3_3,3_2,2_10,3_5,35,3_11,3_2,4_4,4_11,6_2,5_1,5_11,4_11,6_2,5_3,6_2,5_5,25,3_11,3_5,3_8,3_1,2_11,2_9,3_7,3_5,2_6,3_8,2_8,4_1,
F27.4_LV_L_A1,D,WG,A1,dodg,M,10,3_3,4_8,2_6,5_7,3_0,4_7,4_5,2_6,3_8,4_1,3_8,5_0,17,3_4,2_9,2_7,3_7,2_9,3_4,3_3,4_4,3_9,3_11,3_9,3_0,25,3_8,4_7,2_11,4_0,1_10,4_3,2_5,4_8,2_11,3_11,3_11,3_0,35,2_11,5_4,1_10,6_0,2_5,4_6,2_3,3_9,3_6,2_11,2_3,2_10,
F28.1_HV_S_A1,C,WR,A1,dodg,M,17,2_9,2_11,2_0,3_10,2_3,4_1,2_1,3_8,1_5,3_9,1_1,3_11,10,3_4,4_5,3_3,4_5,3_2,4_2,3_7,3_2,3_4,3_1,2_11,2_11,35,4_0,3_7,3_11,3_6,4_2,3_7,3_11,4_9,4_0,3_11,4_3,3_10,25,3_5,3_11,3_6,4_1,3_6,3_10,2_9,3_8,2_9,4_11,2_7,5_9,measured as 5th instar
F29.1_HV_L_A1,D,WR,A1,dodg,M,10,4_1,4_2,3_6,3_9,3_3,2_4,2_8,4_0,0_11,3_2,1_2,3_2,17,3_11,3_8,4_5,3_11,4_7,5_6,5_7,5_8,5_2,6_2,4_7,5_9,35,3_4,3_4,3_4,3_11,3_4,4_11,3_1,5_4,2_8,5_0,2_9,6_4,25,3_3,3_9,3_3,3_6,2_9,3_2,3_4,3_4,3_5,2_5,2_6,3_0,
F3.1_LV_L_A1,C,WR,A1,dodg,M,17,3_7,3_6,2_8,5_1,2_3,2_8,2_7,1_2,3_4,1_9,2_7,3_2,10,3_7,4_5,3_4,3_6,4_11,3_7,3_2,4_0,3_10,2_1,2_10,1_5,35,4_1,4_3,3_9,5_4,3_5,6_10,4_6,6_11,5_4,6_1,5_4,5_8,25,3_6,3_3,3_4,4_2,1_6,5_11,1_11,6_3,2_11,6_2,4_7,5_10,
F3.2_LV_L_A1,D,WY,A1,dodg,M,,,,,,,,,,,,,,,,,,,,,,,,,,,,,,,,,,,,,,,,,,,,,,,,,,,,,missing leg
F3.3_LV_L_A1,C,WB,A1,dodg,M,17,3_7,3_7,3_4,3_0,2_3,3_6,1_2,2_9,2_0,3_3,3_5,1_9,10,3_5,4_3,3_8,6_3,2_3,4_5,2_11,3_4,3_11,3_10,2_11,5_7,35,3_7,3_6,2_10,3_4,2_9,4_4,3_10,5_5,1_11,6_2,1_5,3_6,25,3_3,3_4,4_4,3_10,4_8,4_3,5_2,4_9,5_11,4_11,5_6,5_1,
F32A.1_LV_L_B1,D,WR,B1,dodg,M,,,,,,,,,,,,,,,,,,,,,,,,,,,,,,,,,,,,,,,,,,,,,,,,,,,,,missing leg
F38B.1_LV_L_B1,C,WR,B1,dodg,F,17,3_10,4_0,3_11,4_2,4_2,4_1,4_2,3_7,4_3,3_10,4_3,3_6,10,4_2,4_0,3_8,4_10,3_3,4_10,2_9,4_2,1_10,4_7,2_5,4_11,35,3_6,3_7,3_5,4_6,4_1,5_3,3_7,4_9,3_6,4_11,2_10,5_3,25,3_11,3_3,4_4,3_6,4_6,4_1,3_9,3_7,4_0,3_1,4_0,2_1,
F38B.2_LV_L_B1,D,WY,B1,dodg,F,10,3_6,4_4,4_5,4_5,2_10,5_1,2_10,7_0,2_3,6_4,0_11,5_2,17,3_6,3_3,3_4,4_7,2_9,4_11,4_7,5_10,4_6,5_6,5_11,5_3,25,3_7,4_1,3_6,4_6,3_5,5_3,3_8,5_4,3_5,4_1,3_2,5_1,35,3_7,5_0,3_5,3_10,4_6,3_11,3_6,5_1,2_1,5_11,2_6,4_9,
F38C.4_HV_S_B1,C,WO,B1,dodg,M,17,3_4,3_4,3_2,4_0,2_11,5_3,1_6,3_1,2_8,2_11,4_7,1_4,10,3_11,4_7,3_6,3_7,0_11,3_11,1_4,5_7,2_8,4_2,3_7,1_3,35,4_1,3_5,2_0,3_11,2_3,1_8,2_7,3_0,1_2,1_8,1_0,2_10,25,4_1,3_10,2_9,3_8,2_6,3_7,2_6,2_8,2_6,1_11,3_7,2_9,
F43.3_LV_S_A1,D,WB,A1,dodg,M,10,3_7,4_4,3_8,4_5,3_8,4_4,3_8,4_7,3_7,4_7,3_4,4_9,17,3_3,3_9,4_0,4_8,2_10,2_6,2_4,1_3,3_3,3_2,3_1,4_11,25,4_1,4_2,4_2,3_9,3_1,3_6,3_1,4_5,2_11,5_4,3_3,4_11,35,3_11,4_9,3_6,4_6,3_7,3_10,2_11,5_7,3_0,5_2,2_11,6_0,
F44.1_LV_L_A1,C,WR,A1,dodg,F,17,3_0,3_2,2_6,3_7,3_8,2_9,3_7,1_9,2_10,2_2,2_4,4_2,10,3_8,4_5,3_2,4_6,2_5,3_9,1_11,2_10,2_3,1_7,2_10,2_1,35,3_4,3_9,3_5,4_0,2_8,3_4,2_11,3_4,3_0,3_8,3_5,3_1,25,3_6,3_0,3_3,3_4,2_9,4_2,2_1,4_10,2_0,4_2,2_0,5_4,
F44.2_LV_L_A1,D,WY,A1,dodg,M,10,4_2,3_11,2_8,4_3,2_11,3_11,3_9,1_1,3_6,2_4,3_9,1_4,17,4_3,2_9,3_10,3_8,3_4,4_3,3_6,3_5,4_2,2_4,3_5,3_9,25,3_9,4_6,3_4,4_6,3_3,4_3,1_7,3_6,1_8,1_10,2_2,2_0,35,3_0,5_6,2_4,4_3,4_8,3_0,4_0,2_8,2_6,1_9,2_4,3_11,
F45A.2_LV_L_A1,C,WY,A1,dodg,F,17,3_7,3_0,3_4,2_8,3_11,2_1,3_5,2_2,3_5,2_8,3_7,2_3,10,3_9,4_11,3_11,4_0,3_5,3_10,2_7,3_10,2_3,3_5,2_6,4_0,35,4_2,4_3,3_11,4_10,4_0,4_9,3_11,5_3,4_5,5_4,4_0,5_5,25,4_0,3_5,3_6,3_1,2_7,3_4,2_0,3_3,2_6,2_11,3_3,2_11,
F45A.4_LV_L_A1,D,WO,A1,dodg,F,10,3_9,4_4,2_10,3_1,1_7,4_0,1_2,5_1,1_11,6_9,2_2,5_3,17,4_4,3_6,3_10,4_5,3_2,5_6,2_9,5_6,1_4,4_10,0_0,5_4,25,3_5,4_7,3_10,3_4,4_6,2_1,3_3,1_10,4_11,1_6,4_2,1_7,35,4_0,4_6,4_4,4_2,4_3,4_3,4_7,4_4,5_1,4_5,5_3,4_3,
F48.5_HV_S_A1,C,WG,A1,dodg,F,17,4_0,2_8,2_11,3_0,1_7,3_9,1_10,4_1,1_0,2_11,1_4,1_5,10,3_5,4_11,2_9,5_10,2_9,4_10,2_6,5_8,2_2,4_7,2_10,3_4,35,4_7,2_11,4_3,3_1,3_9,3_6,3_3,2_10,3_7,1_2,3_1,1_10,25,4_3,4_0,4_2,5_0,3_8,6_6,5_0,6_5,3_9,6_6,4_11,5_9,
F48.7_HV_S_A1,D,GrR,A1,dodg,M,10,3_5,4_2,3_9,4_1,6_2,5_6,4_7,3_9,6_2,2_8,4_5,2_6,17,3_10,3_9,1_4,2_8,2_1,3_6,1_6,3_4,1_9,4_3,2_10,4_5,25,3_9,4_4,5_2,2_9,2_10,2_8,5_2,2_7,3_8,1_6,2_0,1_0,35,3_9,4_6,5_9,3_2,3_5,3_10,1_8,6_6,2_8,4_3,2_9,2_1,
F56.2_LV_L_A1,C,WY,A1,dodg,F,17,4_0,3_6,3_7,2_10,3_4,2_9,2_8,2_7,3_3,3_5,3_2,2_11,10,3_5,4_6,3_4,4_5,2_5,4_2,1_3,3_8,1_4,4_9,1_3,4_3,35,4_1,3_8,4_7,4_9,4_6,5_7,5_5,6_5,5_7,5_1,4_6,5_3,25,3_8,3_0,2_7,3_1,2_0,3_9,1_0,3_11,0_11,4_1,0_5,4_9,
F62.3_LV_L_B1,D,WB,B1,dodg,M,10,3_9,4_4,5_5,2_4,4_9,1_7,3_8,1_11,5_8,1_10,5_1,2_6,17,3_10,3_10,3_5,4_3,4_5,3_5,2_11,3_11,3_1,4_4,3_4,4_9,25,3_10,4_3,5_2,4_6,3_10,5_3,2_7,6_6,1_1,5_3,2_3,5_2,35,4_5,4_0,4_11,2_7,4_5,3_3,4_8,4_5,3_5,5_4,2_9,4_3,
F63.5_LV_S_B1,C,WG,B1,dodg,F,,,,,,,,,,,,,,,,,,,,,,,,,,,,,,,,,,,,,,,,,,,,,,,,,,,,,missing leg
F64.1_LV_L_C1,D,WR,C1,dodg,F,,,,,,,,,,,,,,,,,,,,,,,,,,,,,,,,,,,,,,,,,,,,,,,,,,,,,missing leg
F74.10_LV_S_B1,C,GrY,B1,dodg,M,17,3_8,3_9,3_6,4_0,3_2,4_1,3_4,4_1,3_1,4_1,2_11,3_11,10,3_0,4_6,3_0,4_5,3_1,4_4,3_0,4_4,2_11,4_5,2_10,4_6,35,4_1,3_8,4_3,3_9,4_4,4_0,4_4,3_11,4_6,3_11,4_5,4_1,25,3_8,3_9,3_4,3_8,3_4,4_1,3_5,4_1,3_7,4_1,3_7,4_0,
F75.6_LV_L_B1,D,WP,B1,dodg,M,10,3_7,4_9,3_7,4_6,3_9,5_6,3_6,5_2,3_3,5_2,3_5,5_8,17,3_7,3_8,3_1,4_2,3_6,2_2,3_2,2_2,2_7,2_10,3_8,3_5,25,3_1,4_0,3_3,4_0,2_8,3_1,3_6,3_1,4_0,1_6,5_5,2_9,35,3_9,4_6,2_6,5_4,1_9,4_9,2_9,4_6,3_5,2_9,3_2,1_4,
F8A.3_LV_S_A1,C,WB,A1,dodg,F,17,3_2,3_0,2_7,3_2,1_10,2_11,2_4,3_4,2_5,3_5,2_6,3_5,10,3_0,4_7,2_11,4_7,2_10,4_7,2_10,4_8,2_9,4_8,2_9,4_8,35,4_0,3_4,4_9,3_9,4_5,3_9,3_0,3_5,3_5,3_11,4_0,4_6,25,3_10,3_10,3_7,4_2,2_6,4_10,1_9,4_9,2_3,5_0,2_9,4_4,
F8A.6_LV_S_A1,D,WP,A1,dodg,M,,,,,,,,,,,,,,,,,,,,,,,,,,,,,,,,,,,,,,,,,,,,,,,,,,,,,missing leg
F8A.7_LV_S_A1,C,GrR,A1,dodg,M,17,4_1,3_0,4_3,3_4,4_2,4_0,3_1,3_9,1_0,2_7,2_3,1_2,10,3_6,4_5,3_2,4_4,3_2,4_3,3_2,4_0,3_4,3_0,4_6,2_4,35,3_11,4_5,3_5,5_0,2_10,5_10,2_2,6_5,1_5,5_4,1_0,4_8,25,3_10,3_2,3_8,3_4,3_4,4_2,3_9,4_2,2_11,2_7,2_6,3_5,
F8A.9_LV_S_A1,D,GrB,A1,dodg,F,10,3_4,4_5,3_4,4_4,3_2,4_5,2_5,4_2,1_5,4_4,1_11,4_2,17,3_8,3_3,4_0,4_3,3_10,4_3,3_1,4_4,3_9,4_1,4_0,5_0,25,3_8,4_4,3_8,4_3,3_5,3_9,5_1,2_5,4_1,2_0,4_2,1_4,35,3_4,4_6,3_4,4_8,3_1,4_8,2_9,4_0,1_8,4_4,1_6,3_9,
F8B.2_LV_L_A1,C,WY,A1,dodg,M,17,3_9,3_5,3_7,3_8,3_9,3_10,4_2,4_0,4_8,3_11,4_4,4_0,10,4_0,4_8,3_11,4_8,3_10,4_7,3_9,4_7,3_8,4_8,3_7,4_9,,,,,,,,,,,,,,,,,,,,,,,,,,,dead at 3rd measures
F8B.4_LV_L_A1,D,WO,A1,dodg,M,10,3_3,4_6,3_3,4_7,3_2,5_5,2_2,5_2,2_7,4_8,2_1,4_0,17,3_8,3_2,3_7,3_4,3_0,4_2,3_0,4_8,2_2,4_7,2_1,3_10,25,3_5,4_7,3_2,4_7,2_1,3_6,2_4,3_4,2_0,3_3,1_6,2_9,35,3_10,4_8,3_9,4_8,3_6,4_9,3_5,4_9,3_4,4_10,3_3,5_1,
F8B.5_LV_L_A1,C,WG,A1,dodg,F,17,3_8,3_6,3_10,4_4,3_5,3_4,3_11,3_9,2_10,3_0,2_0,3_9,10,3_9,4_8,4_9,3_4,4_5,1_7,3_7,2_10,2_8,1_0,2_0,2_0,35,3_7,2_11,2_9,2_9,1_6,2_5,1_11,2_6,3_1,1_11,3_9,3_1,25,2_4,2_5,2_7,4_0,3_10,5_1,2_4,4_9,1_9,6_8,3_0,6_4,
F8B.7_LV_L_A1,D,GrR,A1,dodg,F,10,3_3,4_8,3_2,4_8,2_7,4_11,2_7,4_11.5,2_8,4_10,2_10,4_9,17,4_4,3_6,3_11,3_3,3_5,2_8,3_4,2_8,3_9,2_9,3_11,3_8,25,3_0,4_6,2_2,5_5,2_3,5_4,2_5,5_1,2_7,3_6,1_11,2_6,35,3_7,4_9,3_6,4_9,3_5,5_0,3_7,4_2,3_2,5_3,3_3,5_10,
FX1.2_LV_L_C1,C,WY,C1,dodg,M,17,3_11,3_0,3_9,3_1,2_10,2_10,2_6,3_4,2_5,3_10,2_11,2_2,10,3_7,4_7,3_7,4_6,3_7,4_5,2_8,4_11,2_7,4_10,2_2,4_6,35,3_10,3_8,4_0,3_10,4_7,4_5,3_11,4_3,4_8,4_11,3_5,5_0,25,3_7,3_4,3_8,3_3,4_11,3_3,4_6,2_9,3_3,3_1,3_3,3_2,
